region,latitude,longitude,degrees_from_msp,miles_from_msp,min_travel_time
BRD,46.48227847,-93.59071496,1.641366292,113.2086442,114.3872694
BRD,46.56144914,-93.77186807,1.76717208,121.8857462,122.3805289
BRD,46.48630973,-93.94759662,1.761775763,121.5135503,122.0376658
BRD,46.46228423,-93.97808773,1.753055305,120.9120811,121.4835984
BRD,46.35680555,-94.00025197,1.669124354,115.1231788,116.1509195
BRD,46.32541004,-94.02193529,1.65201295,113.9429676,115.0637208
BRD,46.41060209,-94.09187688,1.760644663,121.4355359,121.9657997
BRD,46.66964715,-94.10969866,1.997259822,137.7554039,136.9994987
BRD,46.26579146,-94.11099329,1.647099462,113.6040735,114.751535
BRD,46.69877979,-94.11130666,2.024047498,139.6030088,138.7014938
BRD,46.68525579,-94.11219566,2.012333974,138.7951013,137.9572575
BRD,46.31782562,-94.11699222,1.69415352,116.8494954,117.7411851
BRD,46.64964992,-94.1376408,1.992223204,137.4080173,136.6794896
BRD,46.39309682,-94.14124278,1.770864065,122.1403905,122.6151047
BRD,46.36905115,-94.15752326,1.759117311,121.330191,121.868757
BRD,46.3678381,-94.18589758,1.773497418,122.3220186,122.7824187
BRD,46.60913774,-94.18805297,1.980748562,136.616586,135.950431
BRD,46.38708859,-94.19672539,1.795533392,123.8418882,124.1825074
BRD,46.35569762,-94.1986865,1.770446035,122.111558,122.5885445
BRD,46.38338511,-94.19903969,1.793707215,123.7159328,124.0664785
BRD,46.32429948,-94.20607499,1.748635122,120.6072113,121.2027554
BRD,46.57687984,-94.21423628,1.965936528,135.5949674,135.0093262
BRD,46.4582225,-94.21442957,1.864899346,128.6262107,128.5897773
BRD,46.33226342,-94.2184583,1.762231442,121.5449795,122.066618
BRD,46.35773452,-94.23009562,1.789796859,123.4462269,123.8180281
BRD,46.35364708,-94.23697285,1.790358836,123.4849877,123.8537342
BRD,46.36369641,-94.23851533,1.799490432,124.114814,124.4339239
BRD,46.36986459,-94.24249563,1.806827322,124.6208554,124.9000842
BRD,46.36453548,-94.24593443,1.804416271,124.4545599,124.7468944
BRD,46.34947024,-94.24768432,1.793092753,123.673552,124.0274377
BRD,46.52527924,-94.24780836,1.939408221,133.7652517,133.3238104
BRD,46.35525625,-94.24935252,1.798782152,124.0659624,124.3889222
BRD,46.38007878,-94.25096068,1.820044798,125.5324938,125.7398763
BRD,46.35889738,-94.26706935,1.812006914,124.9781033,125.2291773
BRD,46.36123973,-94.270414,1.815858189,125.2437342,125.4738738
BRD,46.34381067,-94.28157609,1.808289597,124.7217118,124.992992
BRD,46.41256262,-94.28681771,1.867208493,128.7854776,128.7364924
BRD,46.65899913,-94.2885795,2.074587086,143.0888354,141.9126024
BRD,46.49940806,-94.29886878,1.945602309,134.1924716,133.7173611
BRD,46.49947759,-94.29894102,1.94570032,134.1992316,133.7235884
BRD,46.4686128,-94.30636194,1.924372074,132.7281755,132.3684662
BRD,46.45133008,-94.30702178,1.910552072,131.7749796,131.4903917
BRD,46.35973074,-94.31106424,1.83861319,126.8131967,126.9196469
BRD,46.63202118,-94.32468107,2.070717939,142.8219718,141.6667703
BRD,46.3906487,-94.37002265,1.898839538,130.9671404,130.7462183
BRD,46.39642555,-94.37499922,1.906452482,131.4922219,131.2299181
BRD,45.91543311,-94.38433523,1.560020835,107.598069,109.2188638
BRD,46.71801758,-94.40401897,2.185961192,150.7705525,148.9889233
BRD,46.26524497,-94.58744354,1.947822733,134.3456191,133.8584391
DLH,46.34241058,-91.58541329,2.184874383,150.6955929,148.9198713
DLH,46.93004356,-91.86067344,2.451854689,169.109812,165.8828654
DLH,47.17102496,-91.90041715,2.636172753,181.8226344,177.5937901
DLH,46.86651997,-91.95940857,2.344884084,161.731814,159.0863276
DLH,46.84268821,-92.01125404,2.297235094,158.4453583,156.0588775
DLH,46.69848354,-92.03524641,2.162487884,149.1515469,147.4975115
DLH,46.83591357,-92.04185536,2.27556316,156.9505974,154.6819187
DLH,46.82032022,-92.04503202,2.260565166,155.9161528,153.7289987
DLH,46.826358,-92.05791023,2.259124211,155.8167669,153.6374455
DLH,46.81383382,-92.06172507,2.246412746,154.9400292,152.8298035
DLH,46.80745685,-92.0628274,2.240373319,154.5234767,152.4460794
DLH,46.80676669,-92.06363427,2.239366826,154.4540566,152.3821303
DLH,46.71240342,-92.06851589,2.156332199,148.7269757,147.1064007
DLH,46.7243121,-92.07067137,2.165295851,149.3452185,147.6759198
DLH,46.82364631,-92.07091729,2.250163959,155.1987586,153.0681424
DLH,46.72386858,-92.07398506,2.163172268,149.1987503,147.5409948
DLH,46.80551831,-92.07465845,2.232654059,153.9910623,151.9556246
DLH,46.63413795,-92.08161426,2.083272715,143.6879023,142.4644568
DLH,46.85389145,-92.0844639,2.269507274,156.5329096,154.2971489
DLH,46.79745311,-92.08582487,2.220029043,153.1202872,151.1534753
DLH,46.84478675,-92.08607368,2.260809912,155.9330334,153.744549
DLH,46.61735749,-92.08831122,2.065548695,142.4654377,141.3383347
DLH,46.72284876,-92.09231409,2.152705714,148.476849,146.8759866
DLH,46.72127358,-92.09261172,2.151205988,148.3734096,146.7806993
DLH,46.78593259,-92.09434513,2.205778345,152.1373852,150.2480358
DLH,46.82404904,-92.09818189,2.236796666,154.276787,152.2188314
DLH,46.79577827,-92.09903797,2.211901859,152.5597374,150.6371025
DLH,46.70100818,-92.10071231,2.129690492,146.8894386,145.41368
DLH,46.79371484,-92.10445362,2.207394533,152.2488572,150.3507227
DLH,46.7821171,-92.10517647,2.197008819,151.5325317,149.6908509
DLH,46.69465561,-92.10686751,2.121059207,146.2941198,144.8652783
DLH,46.80636799,-92.10690562,2.217120659,152.9196895,150.9686867
DLH,46.86779258,-92.11234854,2.26791336,156.4229738,154.1958772
DLH,46.78447153,-92.1168173,2.193200296,151.2698495,149.4488706
DLH,46.76089496,-92.12861378,2.166884471,149.4547891,147.7768552
DLH,46.79830464,-92.13170773,2.197827268,151.5889819,149.7428522
DLH,46.77108075,-92.13237571,2.173835969,149.9342492,148.218529
DLH,46.89570005,-92.13719236,2.280527409,157.2929926,154.9973297
DLH,46.81834312,-92.13810077,2.2121804,152.578949,150.6548
DLH,46.76011457,-92.14049928,2.160282938,148.9994669,147.3574169
DLH,46.8151162,-92.14748526,2.204809656,152.0705725,150.1864887
DLH,46.74825541,-92.1490819,2.145728015,147.9955818,146.432648
DLH,46.99118082,-92.14928945,2.359664346,162.7512412,160.0254137
DLH,46.83886575,-92.15292247,2.223032369,153.3274331,151.3442961
DLH,46.75214807,-92.15619365,2.145597025,147.9865471,146.4243254
DLH,46.80442847,-92.15965313,2.189579019,151.020082,149.2187873
DLH,46.7798262,-92.16026691,2.167745591,149.5141825,147.8315678
DLH,46.80978683,-92.16395367,2.192216501,151.201995,149.3863637
DLH,46.74271577,-92.1693107,2.13093777,146.9754661,145.4929276
DLH,46.78820529,-92.17316518,2.168859694,149.5910246,147.9023539
DLH,46.81857496,-92.17556223,2.19442434,151.3542745,149.5266421
DLH,46.81898006,-92.17581113,2.194663658,151.3707807,149.5418475
DLH,46.8147828,-92.17653513,2.190623039,151.0920904,149.2851207
DLH,46.83845674,-92.17986793,2.209946967,152.4249042,150.5128955
DLH,46.78324023,-92.18066525,2.160910475,149.0427495,147.3972884
DLH,46.838635,-92.18142633,2.209376398,152.3855508,150.4766435
DLH,46.75835714,-92.19630454,2.13157983,147.0197503,145.5337218
DLH,46.98992027,-92.21512754,2.329583749,160.6765162,158.1141978
DLH,46.78440453,-92.21746758,2.144601709,147.917898,146.3610865
DLH,46.74284689,-92.21844415,2.107421382,145.353489,143.9987786
DLH,46.7623771,-92.26572298,2.102940294,145.0444186,143.714066
DLH,46.69169907,-92.27099276,2.037647654,140.5410415,139.5656002
DLH,46.80886489,-92.28831838,2.134659715,147.2321768,145.729407
DLH,46.76376054,-92.30544527,2.086592087,143.9168467,142.6753581
DLH,46.76135885,-92.31458381,2.080466619,143.4943597,142.2861673
DLH,46.69478491,-92.36421765,1.999049557,137.8788459,137.1132122
DLH,46.67057745,-92.42406108,1.952214069,134.6484992,134.1374492
DLH,46.55968389,-92.46535657,1.834104804,126.5022433,126.6331999
DLH,46.59048237,-92.48866745,1.853032561,127.8077324,127.8358033
DLH,46.40358604,-92.7578803,1.585417483,109.3497317,110.8324779
EAU,44.95585527,-90.93595252,2.278274796,157.1376249,154.8542066
EAU,44.92043261,-91.16837831,2.045053005,141.0518049,140.0361103
EAU,44.92156994,-91.30851436,1.904961148,131.3893613,131.135164
EAU,44.99334545,-91.34342416,1.872839406,129.1738541,129.0942609
EAU,45.02265591,-91.34532365,1.872870078,129.1759696,129.0962097
EAU,44.93775524,-91.40199585,1.811897428,124.9705518,125.222221
EAU,44.94818244,-91.4063595,1.807870398,124.6927986,124.9663575
EAU,44.82602805,-91.41214332,1.801942979,124.2839716,124.5897501
EAU,45.00486873,-91.42618814,1.790955367,123.5261318,123.8916357
EAU,44.7503538,-91.43529582,1.782913955,122.9714979,123.3807125
EAU,44.78429839,-91.43594561,1.780024671,122.7722176,123.1971375
EAU,44.80881988,-91.43860182,1.776153028,122.5051818,122.9511468
EAU,44.7743881,-91.44574644,1.770830626,122.1380841,122.61298
EAU,44.83579376,-91.4460602,1.767746157,121.9253415,122.4170037
EAU,44.8637786,-91.45850287,1.754747866,121.0288208,121.5911378
EAU,44.87117915,-91.45889232,1.754284805,120.9968824,121.5617165
EAU,44.85111579,-91.46184462,1.751605085,120.8120563,121.3914565
EAU,44.78201144,-91.46700439,1.749149527,120.642691,121.2354389
EAU,44.8223951,-91.46990717,1.744337502,120.310795,120.9296997
EAU,44.78793513,-91.47361416,1.742211403,120.1641534,120.7946148
EAU,44.81951625,-91.47890822,1.735448397,119.697694,120.3649171
EAU,44.86377031,-91.48099051,1.732261987,119.4779203,120.1624638
EAU,44.83879915,-91.48157701,1.732160702,119.4709343,120.1560284
EAU,44.86232317,-91.4820286,1.731242263,119.4075876,120.0976741
EAU,44.85192442,-91.48217976,1.731258171,119.4086848,120.0986848
EAU,44.8010876,-91.48497832,1.730177743,119.3341653,120.0300382
EAU,44.78772443,-91.48520477,1.730650714,119.3667872,120.0600891
EAU,44.80572097,-91.49735746,1.717593331,118.4661907,119.2304686
EAU,44.80790632,-91.49812696,1.716725205,118.4063142,119.175311
EAU,44.8127449,-91.5004248,1.714219112,118.2334634,119.0160826
EAU,44.78362594,-91.50764373,1.708485775,117.8380226,118.6518064
EAU,44.82685559,-91.51824007,1.69587794,116.9684325,117.8507487
EAU,44.79115337,-91.51967697,1.69604099,116.9796783,117.8611083
EAU,44.7913104,-91.56017017,1.655602363,114.1905373,115.2917795
EAU,44.73876327,-91.79144431,1.4291735,98.57324044,100.9052821
EAU,44.62377278,-91.95433561,1.28559389,88.67023889,91.78273618
LSE,43.74836577,-90.7794744,2.685970022,185.2572616,180.7577343
LSE,43.69963681,-91.01007276,2.501671815,172.5458088,169.0480713
LSE,43.70217109,-91.0152939,2.495873183,172.1458643,168.6796465
LSE,43.90970721,-91.07474463,2.350261937,162.1027364,159.4280176
LSE,43.89041534,-91.0751547,2.357960488,162.6337224,159.9171566
LSE,43.89988512,-91.08923803,2.341198516,161.4776123,158.8521595
LSE,44.02884681,-91.10302564,2.277146862,157.0598288,154.7825416
LSE,43.85117609,-91.17531207,2.285023119,157.6030716,155.2829714
LSE,43.88758676,-91.17693891,2.267321986,156.3821855,154.1583034
LSE,43.87810696,-91.18950707,2.260248641,155.8943213,153.7088878
LSE,43.87834072,-91.19412619,2.256009744,155.6019553,153.4395631
LSE,43.87790217,-91.19420179,2.256137805,155.6107879,153.4476997
LSE,43.90254313,-91.19718167,2.242568402,154.6748763,152.5855473
LSE,43.89321148,-91.19957065,2.244528552,154.8100722,152.7100883
LSE,43.79422993,-91.20188933,2.287946273,157.804688,155.4686984
LSE,43.76447184,-91.20381716,2.300597172,158.6772482,156.2724922
LSE,43.79575012,-91.21049536,2.279658063,157.2330318,154.9420945
LSE,43.85075455,-91.21077485,2.253647504,155.4390263,153.2894746
LSE,43.79589408,-91.21173451,2.278500761,157.1532102,154.8685636
LSE,43.8126274,-91.21354698,2.26895297,156.4946781,154.2619304
LSE,43.7663448,-91.21359157,2.291150286,158.0256758,155.6722702
LSE,43.77642771,-91.22046163,2.280238455,157.2730628,154.9789706
LSE,43.57836345,-91.22121301,2.382191033,164.3049564,161.4566806
LSE,43.87350066,-91.22137515,2.233843936,154.0731307,152.0312252
LSE,43.88148757,-91.22227438,2.229435974,153.7691039,151.7511588
LSE,43.80894867,-91.22275471,2.262589717,156.0557905,153.8576315
LSE,43.90989229,-91.22347226,2.215720688,152.8231305,150.8797375
LSE,43.80029496,-91.22399058,2.265632698,156.2656716,154.0509719
LSE,43.77338656,-91.22472999,2.277991738,157.1181017,154.8362221
LSE,43.79547725,-91.22926284,2.263320359,156.1061844,153.904054
LSE,43.81544353,-91.23386052,2.249731472,155.168929,153.0406637
LSE,43.85334681,-91.23451962,2.231377441,153.9030111,151.8745127
LSE,43.78485409,-91.23523149,2.263234967,156.1002948,153.8986285
LSE,43.84693203,-91.23577572,2.233238049,154.0313413,151.9927293
LSE,43.85476769,-91.23579583,2.229589014,153.7796594,151.7608824
LSE,43.93298351,-91.23968276,2.19104493,151.1211891,149.3119262
LSE,43.92411889,-91.24005687,2.194574531,151.3646335,149.5361847
LSE,43.78348118,-91.24339376,2.256775021,155.6547381,153.4881861
LSE,43.78881311,-91.24657003,2.251402556,155.2841874,153.1468385
LSE,43.7911058,-91.24849071,2.248608915,155.0915038,152.9693403
LSE,43.82381086,-91.24851822,2.232858282,154.005148,151.9686003
LSE,43.79393086,-91.25075535,2.245256446,154.8602766,152.7563362
LSE,43.81171512,-91.25128474,2.236204366,154.2359348,152.1811987
LSE,43.8167946,-91.25170723,2.233399981,154.0425102,152.0030179
LSE,43.9416764,-91.25325999,2.17504015,150.0173043,148.2950385
LSE,43.8105905,-91.25328778,2.234987673,154.1520168,152.1038943
LSE,43.96349554,-91.25618319,2.163021947,149.1883823,147.5314439
LSE,43.95866585,-91.25808622,2.163363861,149.2119649,147.553168
LSE,43.87548545,-91.2633442,2.195592295,151.4348309,149.6008498
LSE,43.87382593,-91.27019553,2.190275885,151.0681464,149.2630638
LSE,43.87276554,-91.2749734,2.186529366,150.8097407,149.025023
LSE,43.92980145,-91.29507048,2.142709819,147.7874102,146.2408824
LSE,43.81419568,-91.30825348,2.185179692,150.7166508,148.9392695
LSE,43.82408163,-91.31346805,2.175798358,150.0695995,148.3432124
LSE,44.03032519,-91.62094953,1.807034609,124.6351524,124.9132544
LSE,44.05395164,-91.65718057,1.763941602,121.662933,122.1752756
LSE,44.06388009,-91.70134943,1.720345975,118.6560467,119.405362
LSE,44.99911262,-93.65366355,0.4550960799,31.38897785,39.01581208
MKT,44.22143275,-93.92086634,0.9701210873,66.91138566,71.73869846
MKT,44.17166119,-93.96252347,1.034581834,71.35738519,75.83430871
MKT,44.17246228,-93.97652321,1.044220397,72.02217809,76.44670927
MKT,44.06699058,-93.97677344,1.119014726,77.18090745,81.19887911
MKT,44.17792526,-93.98545049,1.047068053,72.21858715,76.62763934
MKT,44.1669524,-93.99397308,1.060766152,73.16337521,77.49796864
MKT,44.17605938,-94.06681098,1.10963362,76.53387196,80.60283649
MKT,44.05783931,-94.17100763,1.265554828,87.28810071,90.50952433
MKT,44.11079317,-94.21764472,1.268210665,87.47127965,90.67826694
MSX,43.79426838,-91.20195284,2.287872115,157.7995731,155.4639866
MSX,44.78485695,-91.47583568,1.740167652,120.0231913,120.664762
MSX,46.73980432,-92.31615361,2.06036319,142.107782,141.0088658
MSX,44.0807741,-92.40258714,1.14177172,78.75050745,82.64477891
MSX,44.01407761,-92.44195638,1.163223959,80.23011554,84.00777907
MSX,44.02288234,-92.47507117,1.134836867,78.27219534,82.20416258
MSX,44.16555446,-92.52592241,0.9948630904,68.61789604,73.31071874
MSX,44.84023769,-92.64005323,0.5748104035,39.64593811,46.6220412
MSX,44.96179729,-92.649468,0.5688717545,39.23633643,46.24472023
MSX,44.99564011,-92.72342707,0.5020538104,34.62775582,41.99934192
MSX,44.9505175,-92.73794872,0.4796789704,33.08451388,40.57772291
MSX,44.98474777,-92.75053457,0.4732345364,32.64002709,40.16826612
MSX,45.00251793,-92.75764756,0.4704082528,32.4450921,39.98869396
MSX,44.99098446,-92.76305477,0.4623939686,31.89232928,39.47949438
MSX,45.00807187,-92.77622083,0.4539234422,31.30809844,38.94130678
MSX,44.74751275,-92.7946113,0.4404962566,30.38199591,38.08819041
MSX,44.98244001,-92.8015569,0.422958793,29.17239846,36.97392135
MSX,45.05366343,-92.81698332,0.4305766602,29.69781952,37.45793397
MSX,44.97687782,-92.81849121,0.4052011649,27.94761579,35.84566382
MSX,45.05451339,-92.82046664,0.4277103829,29.50012607,37.27582074
MSX,44.71960506,-92.82517976,0.4217036104,29.08582575,36.89417144
MSX,45.04543531,-92.82602334,0.4190546628,28.90312201,36.72586658
MSX,45.01627884,-92.82874416,0.4062001787,28.01651996,35.90913765
MSX,44.77428461,-92.83445401,0.3945044452,27.20983949,35.16603168
MSX,45.03128332,-92.84020646,0.4006056321,27.63065178,35.55367974
MSX,45.08406909,-92.84215761,0.421034503,29.03967595,36.8516587
MSX,45.06493842,-92.84381055,0.4108445516,28.33685258,36.20422485
MSX,44.96274385,-92.85370429,0.3677448084,25.36416847,33.46581802
MSX,45.05285008,-92.85841157,0.3924486964,27.06804998,35.0354166
MSX,44.71374321,-92.86418385,0.3886709718,26.807492,34.7953932
MSX,44.99249996,-92.86420921,0.3651182034,25.18300575,33.29893273
MSX,45.07494707,-92.87354384,0.3891258404,26.83886529,34.82429396
MSX,44.90299326,-92.87443046,0.3391738399,23.39356592,31.65051868
MSX,44.72451236,-92.87861194,0.3709892832,25.58794704,33.6719606
MSX,44.89419022,-92.87925216,0.3339993131,23.03666742,31.32174735
MSX,44.91140348,-92.88150772,0.3326701591,22.94499275,31.23729756
MSX,45.00847606,-92.88192697,0.3534875647,24.38081501,32.55996266
MSX,44.91530083,-92.88496079,0.3295643784,22.73078022,31.03996713
MSX,44.72109145,-92.88932979,0.3628866472,25.0290904,33.15714746
MSX,44.90636677,-92.89117316,0.3226626257,22.25475115,30.60145392
MSX,44.8941233,-92.89178289,0.3214716565,22.17260739,30.5257839
MSX,44.51958375,-92.89587024,0.4838704504,33.37360948,40.84403487
MSX,45.01300549,-92.90196646,0.3364828301,23.20796106,31.47954134
MSX,44.93627697,-92.90666123,0.3107329877,21.43193777,29.84348647
MSX,44.92960893,-92.91232117,0.304101411,20.97454334,29.4221393
MSX,44.89994753,-92.91410022,0.2993996217,20.65025059,29.12340406
MSX,44.83707029,-92.91547722,0.3014699213,20.7930437,29.25494365
MSX,44.9191165,-92.92699971,0.2881580476,19.87489449,28.40915379
MSX,44.94320313,-92.92741532,0.2915891405,20.11154451,28.62715342
MSX,44.93869376,-92.92841689,0.2897373673,19.98382364,28.50949823
MSX,44.89623679,-92.93054449,0.2828046525,19.50565905,28.0690178
MSX,45.10717904,-92.93642075,0.3549040421,24.47851257,32.64996067
MSX,44.92550741,-92.93803373,0.2780654175,19.17878359,27.7679034
MSX,45.01842291,-92.94027093,0.3037556873,20.95069801,29.40017323
MSX,44.95729105,-92.94174082,0.2808627138,19.37171927,27.94563381
MSX,44.97789222,-92.94629451,0.2825574046,19.48860582,28.05330854
MSX,44.9218762,-92.94680592,0.2688672235,18.54436391,27.18348235
MSX,44.94351689,-92.94826375,0.2712608078,18.70945469,27.33556232
MSX,44.95892198,-92.94838137,0.2748861256,18.95950083,27.56590232
MSX,45.06641404,-92.95152147,0.3183870106,21.95985257,30.3297963
MSX,45.05992549,-92.95497287,0.3118708672,21.51041983,29.91578336
MSX,44.89203616,-92.96116164,0.2520616242,17.38524475,26.11571338
MSX,44.81578015,-92.96402199,0.2585222189,17.83084619,26.52619696
MSX,44.88631395,-92.97489574,0.2382314579,16.43134776,25.23699303
MSX,45.05174542,-92.97503294,0.2907109436,20.05097334,28.57135587
MSX,45.16673713,-92.9779901,0.3670153885,25.31385878,33.41947323
MSX,45.15974503,-92.98028601,0.3601860433,24.84282381,32.98556054
MSX,44.91970849,-92.98243442,0.2332949715,16.09086743,24.92334596
MSX,44.94697509,-92.98286025,0.2384744481,16.44810733,25.25243177
MSX,45.01566014,-92.983552,0.2641820021,18.22121388,26.88579977
MSX,44.83255866,-92.98494957,0.2341077361,16.1469256,24.97498618
MSX,45.05361433,-92.98535233,0.2834298034,19.54877708,28.1087377
MSX,44.83140328,-92.98597081,0.2333748013,16.09637347,24.92841806
MSX,45.05588615,-92.98926353,0.281669349,19.42735467,27.99688459
MSX,45.11062088,-92.98985821,0.3174611735,21.89599555,30.27097185
MSX,45.04004255,-92.99370744,0.2687038899,18.53309843,27.1731047
MSX,45.03775137,-92.99417492,0.2670043911,18.41588026,27.06512449
MSX,45.09912188,-92.9955658,0.3052989615,21.05714103,29.49822747
MSX,45.18087001,-92.99598482,0.3670516306,25.31635848,33.42177593
MSX,44.9756306,-92.99676294,0.2346008224,16.18093484,25.00631515
MSX,44.93092481,-92.99821415,0.2197749073,15.15835886,24.06432839
MSX,45.10832764,-93.00066744,0.3082887308,21.263352,29.68818694
MSX,44.79821214,-93.00107421,0.2290972334,15.8013402,24.65663637
MSX,44.92967745,-93.00413048,0.2137285427,14.7413278,23.68016356
MSX,44.91364452,-93.00545731,0.2096410932,14.45940741,23.42046132
MSX,45.28532621,-93.00865019,0.4495806176,31.00856427,38.66537891
MSX,45.05573389,-93.01480828,0.2617274192,18.0519159,26.72984417
MSX,44.98022756,-93.01500112,0.2198479567,15.16339724,24.0689697
MSX,45.07674512,-93.01668982,0.2745494267,18.93627797,27.54450965
MSX,45.07674109,-93.01701721,0.2743124585,18.91993375,27.52945352
MSX,45.05139372,-93.02317376,0.2525657624,17.42001627,26.14774456
MSX,45.12677666,-93.02470102,0.3065787788,21.14541284,29.57954258
MSX,45.08731273,-93.02512198,0.2762270972,19.05199059,27.65110296
MSX,44.82482025,-93.02880797,0.1938706485,13.37168514,22.41846246
MSX,44.88470414,-93.03959986,0.1735234915,11.96829696,21.12567532
MSX,45.07627513,-93.04765753,0.2529626893,17.4473932,26.17296391
MSX,45.03477444,-93.04780153,0.223121628,15.38918955,24.27696732
MSX,45.17218744,-93.04979575,0.3304392691,22.79112335,31.09555462
MSX,44.88283766,-93.05231482,0.1608220515,11.0922507,20.31867028
MSX,45.17246955,-93.0525204,0.3293473252,22.71580958,31.02617633
MSX,45.07467976,-93.05652394,0.2460215257,16.96864587,25.73194667
MSX,45.08883458,-93.06002046,0.2549817503,17.58665228,26.30124798
MSX,44.95496452,-93.06790794,0.1612193404,11.11965259,20.34391262
MSX,45.10520192,-93.07442849,0.2602959081,17.95318144,26.63889097
MSX,45.15183161,-93.07446798,0.30076459,20.74439545,29.21012937
MSX,45.03185,-93.08587874,0.1943587308,13.40534925,22.4494735
MSX,44.90572671,-93.08979055,0.1250730098,8.626560649,18.04730129
MSX,44.94618716,-93.09007662,0.1374494452,9.480190625,18.83365668
MSX,45.01671778,-93.09103761,0.1796433259,12.3903954,21.51450818
MSX,45.01658081,-93.09517787,0.1767536443,12.19108771,21.33090792
MSX,44.94447243,-93.09528577,0.13202433,9.106008491,18.48896384
MSX,44.92605606,-93.10091788,0.119503209,8.24239923,17.69341564
MSX,44.94160932,-93.10211841,0.1246358666,8.596409915,18.01952674
MSX,44.82973303,-93.10269928,0.1234530016,8.514825116,17.94437164
MSX,45.13817548,-93.10490996,0.2753926252,18.99443522,27.59808353
MSX,45.14289316,-93.10585654,0.2793721662,19.26891292,27.85092964
MSX,44.97485469,-93.1086437,0.1378463135,9.507563506,18.8588723
MSX,45.02589015,-93.11319581,0.1727830344,11.917226,21.07862926
MSX,44.88895334,-93.11829018,0.09491814014,6.546712945,16.13136641
MSX,45.02985125,-93.11848515,0.1730815584,11.93781586,21.09759643
MSX,44.94332833,-93.11967324,0.1101940808,7.600328182,17.10194622
MSX,44.9050722,-93.1223581,0.09297220737,6.412497681,16.00772865
MSX,45.13258095,-93.12269158,0.2636411267,18.18390852,26.85143445
MSX,44.97148236,-93.1244971,0.1238754109,8.543959619,17.97121005
MSX,44.7559048,-93.12506867,0.1562122349,10.77430151,20.02577866
MSX,45.04545316,-93.12518243,0.1830295542,12.62395102,21.72965727
MSX,45.16572513,-93.12713344,0.2936624163,20.25454291,28.75888212
MSX,44.97462946,-93.13042673,0.1219995524,8.414577528,17.85202456
MSX,45.1865156,-93.13179419,0.3123548764,21.543803,29.9465356
MSX,45.0647962,-93.13401986,0.1964880873,13.55221566,22.58476536
MSX,44.93005081,-93.13457827,0.0905802781,6.247521057,15.85575384
MSX,44.73726168,-93.13500181,0.1670635023,11.52273729,20.71523021
MSX,44.9711331,-93.13559653,0.1159335297,7.9961906,17.46661071
MSX,44.75374701,-93.13733594,0.1515053343,10.44965622,19.72671867
MSX,44.74885125,-93.1383722,0.1552622368,10.70877805,19.96541911
MSX,44.88808064,-93.13928847,0.07390172799,5.097164764,14.79605714
MSX,44.58897123,-93.14081011,0.3046693964,21.01371854,29.45822711
MSX,44.92327348,-93.14090901,0.08176042313,5.639196256,15.29537112
MSX,45.12400511,-93.14262957,0.2492470798,17.19111943,25.93688708
MSX,45.01528381,-93.143453,0.1478001337,10.19410038,19.49130319
MSX,45.02698163,-93.14365052,0.158126033,10.90630037,20.14737469
MSX,44.97739518,-93.14539024,0.114615582,7.905288846,17.38287293
MSX,44.4469254,-93.1478539,0.4428454003,30.54402152,38.23744678
MSX,45.2285872,-93.14853748,0.3496691221,24.11744862,32.31735218
MSX,45.16493485,-93.14945598,0.2871475415,19.80519766,28.34494977
MSX,44.83545553,-93.15000469,0.08020046982,5.531602844,15.19625715
MSX,45.02366668,-93.15016633,0.1523488948,10.50783845,19.78031556
MSX,44.89204542,-93.15108364,0.06244575273,4.307020947,14.06818457
MSX,44.830684,-93.15119825,0.08232749907,5.678308731,15.33140114
MSX,45.05843991,-93.15144106,0.1841434578,12.7007794,21.8004308
MSX,44.93399617,-93.15447788,0.07646123987,5.273699929,14.95867957
MSX,44.9806713,-93.15701664,0.1109661252,7.653577778,17.15099921
MSX,44.78497303,-93.15733653,0.1144746634,7.895569378,17.37391945
MSX,44.6628058,-93.15803572,0.228857577,15.78481057,24.64140944
MSX,45.12055993,-93.15833526,0.2419112722,16.68515265,25.47079555
MSX,45.12831774,-93.1596001,0.2491989586,17.18780041,25.93382963
MSX,44.87029293,-93.16429563,0.05097555495,3.515896171,13.33940835
MSX,44.70934763,-93.16566851,0.1818864931,12.54511158,21.65703117
MSX,44.67124848,-93.16612561,0.2187932525,15.09065197,24.00195749
MSX,45.11331662,-93.16641731,0.2331090597,16.07804468,24.91153377
MSX,44.70971417,-93.16726041,0.1811230496,12.4924552,21.60852464
MSX,44.78185386,-93.16809125,0.112487755,7.758527935,17.24767824
MSX,44.73236394,-93.17275044,0.1578218467,10.88531997,20.12804776
MSX,45.06463161,-93.17324733,0.1840682974,12.69559543,21.79565538
MSX,44.76516117,-93.17362161,0.1261190948,8.698711427,18.11376586
MSX,44.78309846,-93.17379557,0.109166121,7.529427532,17.03663325
MSX,44.82798856,-93.17384644,0.06917733367,4.771312893,14.49588566
MSX,44.73344628,-93.17410675,0.1564319782,10.78945768,20.03974038
MSX,44.71259645,-93.17529657,0.1764405254,12.16949121,21.31101344
MSX,44.89862811,-93.17558228,0.03996042347,2.75615832,12.63954545
MSX,44.92011351,-93.18199987,0.04697046554,3.239656343,13.08493898
MSX,44.80177341,-93.18243171,0.08864386665,6.113962499,15.73272103
MSX,45.18406535,-93.18256135,0.3006880314,20.73911504,29.20526511
MSX,44.46197529,-93.18257869,0.4240606785,29.24839793,37.0439313
MSX,44.80503974,-93.18330928,0.08527627133,5.881692041,15.51875581
MSX,44.67679196,-93.18382259,0.2101947739,14.49759599,23.45564025
MSX,44.79359964,-93.18421135,0.09580162454,6.607648808,16.18749992
MSX,44.4607267,-93.1868232,0.4250222927,29.31472258,37.1050289
MSX,45.08046746,-93.19008172,0.196885872,13.57965174,22.6100392
MSX,44.80811095,-93.1908967,0.07997421448,5.515997516,15.18188168
MSX,44.99123696,-93.19092181,0.1085961138,7.490112881,17.00041699
MSX,45.17511688,-93.19235713,0.2909244605,20.06570008,28.58492199
MSX,44.78966033,-93.19504924,0.09697337947,6.688467323,16.26194912
MSX,44.72178142,-93.19669134,0.1639784527,11.30995464,20.51921696
MSX,45.06379628,-93.19780006,0.1795169462,12.38167872,21.50647845
MSX,44.80351491,-93.19837039,0.08274536703,5.707130004,15.35795101
MSX,44.71516412,-93.19939896,0.1703242128,11.74763567,20.92240435
MSX,45.16653231,-93.19967755,0.2819186285,19.44454803,28.01272294
MSX,44.74965866,-93.20033892,0.1358785848,9.37184493,18.73384971
MSX,45.04202034,-93.20273595,0.1574288974,10.8582174,20.10308114
MSX,45.16923511,-93.20505148,0.2844151694,19.61673995,28.17134441
MSX,44.80129373,-93.20532947,0.08400309451,5.793878235,15.43786261
MSX,45.17655319,-93.20838411,0.2916571931,20.11623825,28.63147725
MSX,44.92343713,-93.20864851,0.03876178148,2.673485345,12.56338793
MSX,45.08674639,-93.20925471,0.2018489661,13.92196726,22.92537684
MSX,45.17106658,-93.21059946,0.2861432084,19.7359266,28.28113796
MSX,44.9179296,-93.2118925,0.03301804751,2.277327376,12.19845118
MSX,44.82155112,-93.21243346,0.06338712796,4.371949667,14.12799626
MSX,44.76068861,-93.21269277,0.1242466384,8.569563995,17.99479654
MSX,45.04194718,-93.21271705,0.1570132047,10.82954616,20.07666948
MSX,45.23803619,-93.21289512,0.3531017654,24.35420558,32.53545032
MSX,44.81464141,-93.21311579,0.07029309093,4.848269126,14.56677697
MSX,44.98844852,-93.21420755,0.1035197,7.139981451,16.67787942
MSX,44.71497491,-93.21424067,0.1699632671,11.72274045,20.89947112
MSX,44.08119999,-93.21611303,0.8037400693,55.43572081,61.16743092
MSX,45.17011211,-93.21859735,0.2852301439,19.67295053,28.22312504
MSX,44.97121994,-93.22008128,0.08656553366,5.970615301,15.60067103
MSX,44.95826041,-93.22104955,0.07375307037,5.08691152,14.78661196
MSX,45.08629118,-93.22146197,0.2015292695,13.89991708,22.90506443
MSX,44.74056834,-93.22226487,0.1446553077,9.977194816,19.29149196
MSX,45.09538462,-93.22348929,0.2107052667,14.53280579,23.48807518
MSX,44.77839543,-93.22544959,0.1072497702,7.397252602,16.91487503
MSX,45.15897195,-93.22546003,0.2743149997,18.92010902,27.52961498
MSX,45.2219166,-93.22570584,0.3372169275,23.25859337,31.52618331
MSX,45.02651022,-93.22644273,0.1422008929,9.807908422,19.13554703
MSX,45.17376352,-93.22698709,0.2891615671,19.94410944,28.47291391
MSX,44.9617452,-93.22788358,0.07821606432,5.394734031,15.07017497
MSX,45.19256461,-93.22807811,0.3079934018,21.24298251,29.66942277
MSX,44.90584993,-93.22872354,0.02609263845,1.799666677,11.75843492
MSX,45.11273877,-93.22944204,0.228388028,15.75242475,24.61157594
MSX,45.01636084,-93.23229016,0.1328166203,9.160654502,18.5393032
MSX,45.12736627,-93.23229587,0.2431887181,16.7732609,25.55195999
MSX,45.27022976,-93.23353479,0.3858355511,26.6119268,34.61524049
MSX,44.92577447,-93.23550479,0.04657079288,3.212090041,13.05954518
MSX,44.75483877,-93.24070682,0.1329878037,9.172461392,18.55017959
MSX,45.04574423,-93.24407459,0.1637612874,11.29497626,20.50541903
MSX,45.03613072,-93.24465506,0.1544491975,10.65270094,19.91376144
MSX,45.13224138,-93.24473212,0.2493187033,17.19605947,25.94143779
MSX,44.70606126,-93.24520501,0.1817274875,12.53414461,21.64692851
MSX,44.67901839,-93.2483225,0.208902928,14.40849453,23.37356088
MSX,44.66324353,-93.24847414,0.2244918115,15.48369412,24.36402398
MSX,45.18016875,-93.25059057,0.2976021955,20.52627815,29.0092019
MSX,44.97660011,-93.25113823,0.09923571466,6.844505559,16.40568998
MSX,44.95931387,-93.25171404,0.08379464694,5.779501148,15.42461859
MSX,44.90684125,-93.25189583,0.04453338595,3.071565602,12.93009548
MSX,45.08830455,-93.25218369,0.2070871769,14.28325818,23.25819441
MSX,44.85927101,-93.25241182,0.04692771544,3.236707775,13.08222279
MSX,44.98600624,-93.25318507,0.1087218918,7.498788067,17.00840848
MSX,44.98448453,-93.25326022,0.1073368013,7.403255325,16.92040467
MSX,45.0570948,-93.2533429,0.1767959062,12.1940026,21.3335931
MSX,45.13406345,-93.25370623,0.2524127879,17.40946529,26.1380251
MSX,45.06391535,-93.25435417,0.1836685519,12.66802409,21.77025695
MSX,45.14376954,-93.25458037,0.2621340813,18.07996428,26.75568205
MSX,44.74805787,-93.2548701,0.1431014146,9.870019387,19.19276303
MSX,45.18473028,-93.25603625,0.3028515147,20.88833524,29.34272526
MSX,44.99139981,-93.25654699,0.1149803798,7.930449753,17.4060509
MSX,44.92364046,-93.25771119,0.05904439624,4.072421906,13.85207428
MSX,44.86341634,-93.2584104,0.05013942536,3.458226474,13.2862836
MSX,44.93105394,-93.25965562,0.0655154101,4.518741969,14.26321985
MSX,44.86340693,-93.2611515,0.05263225345,3.630162312,13.44466917
MSX,44.73656397,-93.26271091,0.1564377068,10.7898528,20.04010436
MSX,44.98931196,-93.26401623,0.1161238721,8.009318932,17.4787044
MSX,45.23825555,-93.26483375,0.357085067,24.62894266,32.78853536
MSX,44.97788684,-93.2648944,0.1063973395,7.338458576,16.86071456
MSX,44.73561522,-93.26587193,0.1583624861,10.92260906,20.1623981
MSX,45.0750092,-93.26591849,0.1972707182,13.60619543,22.63449099
MSX,44.97838097,-93.26637313,0.1075536982,7.41821518,16.93418554
MSX,44.92098955,-93.26785896,0.06554365216,4.520689886,14.26501426
MSX,45.07724011,-93.26837099,0.2000843948,13.8002609,22.81326215
MSX,44.97909032,-93.26873064,0.1093503761,7.542136011,17.04834017
MSX,45.15636082,-93.27067337,0.2774603935,19.13705375,27.72946229
MSX,45.17766335,-93.27177503,0.2985468449,20.59143269,29.06922161
MSX,44.98636641,-93.27313625,0.117855841,8.128776637,17.58874764
MSX,44.71953892,-93.27384203,0.1761887466,12.15212547,21.2950163
MSX,44.72945196,-93.27582052,0.1676477742,11.56303581,20.75235281
MSX,44.70983556,-93.27585274,0.1859963323,12.82857623,21.91815597
MSX,44.86050281,-93.27697772,0.06836890433,4.715553743,14.44452089
MSX,44.65662721,-93.27915926,0.2376656866,16.39232527,25.2010459
MSX,44.98652664,-93.27936497,0.121280397,8.364975795,17.80633194
MSX,45.11576684,-93.2806805,0.2405151965,16.58886223,25.38209378
MSX,44.95598403,-93.28076758,0.09810095526,6.766238706,16.33359134
MSX,45.09733093,-93.28226917,0.2233683285,15.40620503,24.2926418
MSX,44.16987943,-93.28308254,0.7184692478,49.55440465,55.74962136
MSX,44.70320099,-93.28457141,0.1952739487,13.46847384,22.50762324
MSX,45.12497501,-93.2857506,0.2507871327,17.29734028,26.03473666
MSX,44.8398268,-93.28583308,0.08556536617,5.901631548,15.53712389
MSX,45.17558434,-93.28699304,0.2998901163,20.68408108,29.15456837
MSX,44.72837809,-93.28724584,0.1732168431,11.94714674,21.10619195
MSX,45.00088233,-93.28968139,0.1389426349,9.583179202,18.92852872
MSX,45.14847649,-93.29069948,0.2747225162,18.94821633,27.55550715
MSX,44.91499603,-93.29169917,0.08413012631,5.802639898,15.44593377
MSX,44.69514498,-93.29235286,0.205663314,14.18505122,23.16772715
MSX,45.00333509,-93.29447272,0.1436539028,9.908125713,19.22786619
MSX,45.10811697,-93.29666411,0.2383054698,16.43645252,25.24169548
MSX,45.04233378,-93.29791665,0.1787860799,12.33126926,21.46004177
MSX,44.94835089,-93.3005547,0.108008827,7.449606417,16.96310284
MSX,44.75906649,-93.3006363,0.1533013351,10.57353035,19.84083028
MSX,44.69398599,-93.30169912,0.2104923459,14.51812018,23.47454694
MSX,45.22092967,-93.30195582,0.347539914,23.97059246,32.18206975
MSX,45.00865425,-93.30220731,0.1524550962,10.51516339,19.78706322
MSX,45.09983757,-93.3040451,0.2333454976,16.09435233,24.92655621
MSX,45.2277103,-93.30424481,0.3546806936,24.46310774,32.63576989
MSX,44.94978423,-93.30442627,0.1119899024,7.724189945,17.21604643
MSX,44.82386634,-93.30548971,0.1107289163,7.63721696,17.13592779
MSX,44.6842355,-93.30558677,0.2209742074,15.24107723,24.14052773
MSX,45.15116347,-93.30740578,0.2824306473,19.47986309,28.04525482
MSX,45.00880123,-93.31039567,0.1574957203,10.86282632,20.10732683
MSX,45.0333012,-93.31064354,0.1775468792,12.24579886,21.38130729
MSX,44.92900475,-93.31098637,0.1073284049,7.402676208,16.9198712
MSX,45.19226149,-93.31212117,0.3228784212,22.26963504,30.61516481
MSX,44.93040301,-93.31269182,0.1094591079,7.549635479,17.05524861
MSX,45.03507587,-93.31386443,0.1808071519,12.47066704,21.5884536
MSX,45.27563217,-93.31428295,0.4035814261,27.83589884,35.74275128
MSX,45.0988831,-93.31622289,0.2374943129,16.38050525,25.19015741
MSX,44.94925424,-93.31677811,0.1219892229,8.41386508,17.85136826
MSX,44.94924809,-93.31812453,0.1231321146,8.492692837,17.9239836
MSX,44.65468933,-93.3192326,0.2535193166,17.48578501,26.20833006
MSX,44.75355593,-93.32180922,0.1705080023,11.76031203,20.93408169
MSX,44.94576255,-93.32240909,0.1250738075,8.626615665,18.04735197
MSX,44.90824657,-93.32292398,0.1122482191,7.742006621,17.23245898
MSX,44.80546088,-93.3233509,0.135890405,9.372660194,18.73460072
MSX,44.85211205,-93.3239955,0.1156286279,7.975160848,17.44723832
MSX,44.92383982,-93.32488326,0.1183382228,8.16204757,17.61939649
MSX,45.10572248,-93.32632749,0.2481180065,17.11324477,25.86514972
MSX,44.87267819,-93.32675247,0.1142883587,7.882719533,17.3620823
MSX,44.81611256,-93.32678683,0.1328754328,9.164710926,18.54303994
MSX,45.21826349,-93.3290741,0.352920428,24.34169834,32.52392877
MSX,44.64466141,-93.32924358,0.2668615741,18.40602986,27.05605041
MSX,44.98063619,-93.32951118,0.1506817057,10.39284874,19.6743882
MSX,44.88449679,-93.32969747,0.1165750932,8.040440646,17.50737341
MSX,45.01973634,-93.3300241,0.1784302562,12.30672731,21.43743397
MSX,44.85637374,-93.33029487,0.120602315,8.318206989,17.76324899
MSX,44.55640313,-93.33100973,0.3490416787,24.07417247,32.27748662
MSX,44.95428333,-93.33164908,0.1373231342,9.471478674,18.82563131
MSX,44.5566498,-93.33196695,0.3491341829,24.08055269,32.28336401
MSX,45.04921145,-93.33325219,0.2035138604,14.03679868,23.03115839
MSX,45.17253585,-93.33518193,0.3124305861,21.54902487,29.95134593
MSX,45.03511602,-93.33651649,0.1943717887,13.40624989,22.45030315
MSX,44.9076566,-93.33755658,0.1264909502,8.724359119,18.13739226
MSX,45.01627944,-93.33781765,0.1811082515,12.49143454,21.60758442
MSX,44.8959815,-93.33812692,0.1254909029,8.655383654,18.07385275
MSX,45.14750105,-93.33926583,0.2912956538,20.0913021,28.60850631
MSX,45.02653314,-93.33926651,0.1896373102,13.07970249,22.14949096
MSX,44.93423469,-93.33971619,0.1358539461,9.370145543,18.73228425
MSX,45.16801906,-93.3428476,0.3113925014,21.47742589,29.88538967
MSX,44.94976692,-93.34315188,0.1452952135,10.02133052,19.33214933
MSX,45.15730492,-93.34381697,0.3021034738,20.83674122,29.29519736
MSX,44.9287839,-93.34452521,0.1385253005,9.554394732,18.90201276
MSX,44.74875721,-93.34476961,0.189407056,13.06382135,22.13486142
MSX,45.18296923,-93.3455157,0.3261172702,22.49302558,30.82094994
MSX,44.85597698,-93.34690892,0.1368837309,9.441172063,18.79771317
MSX,45.22379655,-93.34757199,0.3645599608,25.14450253,33.26346395
MSX,44.80834911,-93.3478564,0.1549785732,10.68921315,19.94739612
MSX,45.15735109,-93.3480504,0.3040002386,20.96756526,29.41571116
MSX,44.80327462,-93.34938245,0.1588550236,10.95658046,20.19369221
MSX,44.9462634,-93.34994565,0.1499387134,10.34160293,19.62718106
MSX,44.89408714,-93.3515515,0.1387305481,9.568551107,18.91505347
MSX,45.17997319,-93.3518824,0.3260397871,22.4876814,30.81602693
MSX,44.60105673,-93.35252578,0.3162588655,21.81306972,30.19458141
MSX,44.86214567,-93.35316229,0.14188121,9.785859192,19.1152355
MSX,44.91098887,-93.35452762,0.1437846962,9.917146826,19.23617635
MSX,45.19070394,-93.35475307,0.336977696,23.24209305,31.51098338
MSX,44.76766986,-93.35500083,0.1840659035,12.69543031,21.79550328
MSX,44.72802325,-93.35584275,0.2121084913,14.62958928,23.57723116
MSX,44.98049722,-93.35659024,0.1723804631,11.88945977,21.05305129
MSX,45.07477512,-93.35710362,0.2382641878,16.43360521,25.23907257
MSX,45.00304682,-93.35722839,0.1863245168,12.85121184,21.93900766
MSX,44.8169029,-93.35733078,0.1594494431,10.99757888,20.23145954
MSX,44.88712889,-93.35792404,0.1448174649,9.98837915,19.30179486
MSX,45.21579095,-93.35792685,0.3611566001,24.90976525,33.04722632
MSX,44.91040361,-93.35858147,0.1476712052,10.1852079,19.48311153
MSX,45.23241733,-93.36086492,0.3775869859,26.04300511,34.09115553
MSX,45.13662328,-93.362276,0.2925641787,20.17879505,28.68910394
MSX,44.93349781,-93.36236321,0.1569425836,10.82467526,20.07218246
MSX,45.01818798,-93.36285309,0.2004383431,13.82467349,22.83575079
MSX,44.6750725,-93.36351452,0.2581852232,17.80760285,26.50478543
MSX,44.6769393,-93.36496776,0.257524312,17.76201835,26.46279345
MSX,44.76289544,-93.3652214,0.1950061391,13.45000243,22.49060756
MSX,45.18172478,-93.36570409,0.3337145484,23.01702658,31.30365441
MSX,44.95527251,-93.36657687,0.1688059992,11.64292114,20.82594237
MSX,45.01096387,-93.36660967,0.1985988405,13.69779895,22.71887523
MSX,45.19080432,-93.36727419,0.3425184324,23.62424982,31.86302238
MSX,45.03524145,-93.36796537,0.2157968444,14.88398311,23.8115762
MSX,44.90537387,-93.36842393,0.156639979,10.80380396,20.05295602
MSX,44.73785251,-93.36848973,0.2139436178,14.75616199,23.69382867
MSX,44.72743231,-93.36855238,0.2212807499,15.26222014,24.16000436
MSX,44.9032512,-93.36907238,0.1570211731,10.83009576,20.07717577
MSX,44.87208197,-93.37102035,0.1584193679,10.92653233,20.16601217
MSX,44.86344951,-93.37118683,0.1595171341,11.00224768,20.23576039
MSX,44.73565975,-93.37206921,0.218052252,15.03954354,23.95487691
MSX,44.96010222,-93.37322599,0.1768702585,12.19913084,21.33831718
MSX,45.03647397,-93.37391299,0.2209469812,15.23919938,24.13879787
MSX,44.96314445,-93.37402789,0.1789053289,12.33949412,21.46761843
MSX,44.80988001,-93.37473155,0.1781865215,12.2899164,21.42194792
MSX,44.92376546,-93.37598826,0.1674301991,11.54802918,20.73852885
MSX,44.73392511,-93.37791892,0.2235206113,15.4167083,24.30231732
MSX,45.05219136,-93.37811205,0.2349386643,16.20423654,25.02778045
MSX,44.97499502,-93.37820973,0.1880544116,12.97052649,22.04891912
MSX,44.94355587,-93.37851351,0.1754719876,12.10268902,21.24947594
MSX,44.82081621,-93.379389,0.1782006444,12.29089049,21.42284524
MSX,44.80345314,-93.38012728,0.1858213511,12.8165074,21.90703828
MSX,44.85095167,-93.38053567,0.1708267163,11.78229444,20.95433166
MSX,45.02840958,-93.38056346,0.2205024687,15.20854037,24.1105551
MSX,45.10887482,-93.38222702,0.2806160472,19.35470613,27.92996149
MSX,45.06176769,-93.38256733,0.2449107815,16.8920354,25.66137387
MSX,45.0740341,-93.38405397,0.2549038808,17.58128145,26.29630042
MSX,44.95474135,-93.38469064,0.1852252157,12.77539063,21.86916192
MSX,44.97182969,-93.38489523,0.1925003996,13.27717606,22.33140164
MSX,45.21134244,-93.38539593,0.3690799889,25.45625881,33.55065072
MSX,44.96194515,-93.38591663,0.189177718,13.0480034,22.12029008
MSX,45.19570948,-93.38744432,0.3563270167,24.57665826,32.7403715
MSX,44.83160229,-93.38820469,0.1830241857,12.62358074,21.72931618
MSX,45.07468812,-93.38981735,0.2592822004,17.88326378,26.57448353
MSX,44.76662199,-93.38995322,0.2127597363,14.67450708,23.61860899
MSX,44.89530493,-93.39033748,0.1775174541,12.24376935,21.37943772
MSX,44.8570534,-93.39104358,0.1800916964,12.4213205,21.54299607
MSX,44.89113926,-93.39250543,0.1794895122,12.37978653,21.50473539
MSX,44.58737276,-93.39422333,0.3483392704,24.02572583,32.23285806
MSX,44.98510809,-93.39435502,0.2070741891,14.28236239,23.25736922
MSX,44.73339944,-93.39450854,0.2363546381,16.30189937,25.11774647
MSX,44.93958154,-93.39859444,0.1933542859,13.33607048,22.38565459
MSX,44.74413905,-93.39980475,0.233823351,16.12731093,24.95691734
MSX,45.12152004,-93.40160454,0.3024862572,20.86314263,29.31951808
MSX,45.01113534,-93.40314264,0.2281097094,15.7332285,24.59389255
MSX,44.90879318,-93.40400439,0.1923664904,13.26794005,22.32289352
MSX,45.17767856,-93.40534171,0.3502099922,24.15475362,32.35171717
MSX,45.07059515,-93.40838476,0.2694382179,18.58374665,27.21976133
MSX,45.05360646,-93.40945217,0.2588344945,17.85238452,26.54603786
MSX,45.13678606,-93.4101558,0.3197671907,22.05504663,30.41748811
MSX,44.69808097,-93.41032639,0.271667697,18.73751873,27.36141463
MSX,45.13547317,-93.4116137,0.3196374546,22.04609844,30.40924513
MSX,44.9104057,-93.41283599,0.2013305204,13.88620892,22.89243661
MSX,44.84940687,-93.41346804,0.2034705539,14.03381173,23.02840684
MSX,44.92745411,-93.41465803,0.205971374,14.2062988,23.1873002
MSX,44.82269964,-93.41485566,0.2111140989,14.56100385,23.51405094
MSX,44.71819091,-93.4160917,0.2626778186,18.11746704,26.79022922
MSX,44.85060581,-93.41689513,0.2066433087,14.25264362,23.22999258
MSX,44.84554742,-93.41695285,0.2076002567,14.31864642,23.29079371
MSX,45.05765291,-93.41843674,0.2683007624,18.50529384,27.14749139
MSX,45.05772926,-93.41974943,0.2693555839,18.57804721,27.21451106
MSX,44.76822665,-93.42054489,0.238001009,16.41545319,25.22235111
MSX,45.14679973,-93.42056399,0.334073462,23.04178163,31.32645852
MSX,45.23748341,-93.42075073,0.4091453569,28.21965538,36.09626397
MSX,44.99056057,-93.42196416,0.2340329308,16.14176611,24.97023331
MSX,44.70828706,-93.42248812,0.2739306284,18.89359809,27.50519337
MSX,44.74146251,-93.42367677,0.2547881814,17.57330141,26.28894929
MSX,44.74394777,-93.42441035,0.2540069228,17.51941628,26.23931085
MSX,44.69745649,-93.42460925,0.2826205159,19.49295875,28.05731841
MSX,45.07989744,-93.42551982,0.2883103759,19.88540091,28.4188322
MSX,44.69980111,-93.42895146,0.2843522636,19.61240119,28.16734759
MSX,45.02584634,-93.42943898,0.2581640202,17.80614043,26.50343827
MSX,44.95249107,-93.42956602,0.2267407847,15.63881075,24.50691587
MSX,45.00358376,-93.43077831,0.2478939122,17.09778849,25.85091155
MSX,44.68297475,-93.43151148,0.2974578627,20.5163232,29.00003149
MSX,45.10059471,-93.43243144,0.3075799568,21.21446629,29.64315392
MSX,44.89564449,-93.43252161,0.2196596617,15.15041012,24.05700609
MSX,44.71912005,-93.43276198,0.2752010629,18.98122275,27.58591233
MSX,45.11623138,-93.43423261,0.3199806498,22.06976937,30.43105055
MSX,45.06406966,-93.43474987,0.2849698012,19.65499412,28.20658378
MSX,44.84772958,-93.43548512,0.2254529422,15.54998542,24.42509086
MSX,44.97316613,-93.43617723,0.2398706353,16.54440543,25.34114062
MSX,45.11362155,-93.43712333,0.3201153289,22.07905848,30.43960759
MSX,44.72098466,-93.43793388,0.2782434039,19.1910597,27.77921203
MSX,44.72071183,-93.43828813,0.2786903858,19.22188903,27.8076117
MSX,45.11111231,-93.43841308,0.3192364849,22.01844269,30.38376893
MSX,44.71002828,-93.43900598,0.2856837646,19.70423775,28.25194651
MSX,44.78997269,-93.43983081,0.2457927743,16.95286839,25.71741261
MSX,45.10641866,-93.43992947,0.31701154,21.86498334,30.24240371
MSX,44.742661,-93.44045312,0.2681802384,18.49698104,27.13983371
MSX,44.73479875,-93.44313364,0.2746735298,18.94483763,27.55239473
MSX,45.12996182,-93.44553618,0.3377190825,23.2932281,31.55808849
MSX,44.72411683,-93.44752251,0.2842628355,19.60623314,28.16166565
MSX,45.06033704,-93.4476177,0.2928373628,20.19763715,28.7064611
MSX,45.10567471,-93.44897908,0.3230390664,22.2807151,30.62537164
MSX,44.74485791,-93.44923423,0.2745357314,18.93533337,27.5436395
MSX,44.73030886,-93.45370186,0.2859845771,19.72498545,28.27105908
MSX,44.92259526,-93.45457153,0.244367816,16.85458588,25.62687574
MSX,44.84865811,-93.45524635,0.2448256452,16.88616336,25.6559646
MSX,45.03257471,-93.45871472,0.2865533526,19.76421515,28.30719709
MSX,45.2139176,-93.45876243,0.4105709548,28.31798201,36.18684147
MSX,44.88159722,-93.45940463,0.2463040431,16.98813172,25.74989683
MSX,44.72704868,-93.46140275,0.2942289388,20.29361721,28.79487697
MSX,44.91388198,-93.46328433,0.2518303969,17.3692965,26.10102202
MSX,45.03305292,-93.46405426,0.2913854158,20.09749318,28.61420947
MSX,44.97478622,-93.46485007,0.2672821519,18.43503804,27.08277244
MSX,44.92357973,-93.46562732,0.255444286,17.61855438,26.33063588
MSX,45.10242749,-93.46640337,0.3338473382,23.02618538,31.3120914
MSX,44.99494253,-93.46663604,0.2763521805,19.06061786,27.65905032
MSX,45.21007278,-93.4692711,0.4139162324,28.54871317,36.3993887
MSX,45.07409594,-93.47050987,0.3194212714,22.03118782,30.39550961
MSX,45.05450776,-93.4718499,0.3093454352,21.33623522,29.75532624
MSX,44.90396239,-93.47268113,0.2602544496,17.95032195,26.63625684
MSX,44.75787035,-93.47303409,0.2893077447,19.95419163,28.48220152
MSX,45.09645084,-93.47652527,0.3378162459,23.29992967,31.5642619
MSX,45.10219443,-93.47777749,0.3424087723,23.61668633,31.85605496
MSX,45.10173073,-93.4777926,0.3421264297,23.59721254,31.8381159
MSX,44.86614475,-93.4781276,0.2656696944,18.32382329,26.98032254
MSX,45.08432583,-93.47913872,0.3324472243,22.92961645,31.22313307
MSX,44.99975863,-93.47957404,0.2901389859,20.01152416,28.53501568
MSX,44.86407206,-93.48197537,0.2696603957,18.59907074,27.23387773
MSX,44.83714867,-93.48204774,0.2731371382,18.83886932,27.45477778
MSX,44.96541935,-93.4847721,0.2833212561,19.54129034,28.10184099
MSX,45.08274505,-93.48593921,0.3369830715,23.2424638,31.51132492
MSX,45.08225859,-93.48621128,0.3369182367,23.237992,31.50720555
MSX,44.93131561,-93.48704164,0.2778174214,19.16167875,27.75214659
MSX,44.95341532,-93.48851946,0.2837828817,19.57312968,28.13117107
MSX,44.85895351,-93.48911381,0.2772108062,19.11983917,27.71360439
MSX,44.91232839,-93.48986352,0.2780928443,19.18067528,27.769646
MSX,44.94922866,-93.49005433,0.2842966597,19.60856607,28.16381472
MSX,44.9496249,-93.49104275,0.2853491224,19.68115674,28.23068452
MSX,45.15014701,-93.49144419,0.384447978,26.51622283,34.52707896
MSX,44.97276651,-93.49157002,0.2919710487,20.13788557,28.65141854
MSX,45.0145282,-93.49297779,0.3084041519,21.27131284,29.6955204
MSX,44.86229144,-93.49371663,0.2815055592,19.41605773,27.98647796
MSX,44.83183811,-93.4974752,0.2892668038,19.95136784,28.47960028
MSX,45.09573949,-93.49758649,0.354059469,24.42026051,32.59629945
MSX,45.06280199,-93.49785449,0.3357212429,23.15543271,31.43115275
MSX,44.79496463,-93.49924519,0.2999339388,20.68710361,29.1573527
MSX,44.97026453,-93.50291096,0.3020896581,20.83578832,29.29431956
MSX,45.07138247,-93.50739883,0.3483690484,24.02777968,32.23475004
MSX,45.10236331,-93.50853241,0.3667995241,25.29897013,33.40575796
MSX,45.00114751,-93.5096485,0.3184850332,21.96661341,30.33602431
MSX,44.86476709,-93.50966579,0.2972275749,20.50043974,28.98539981
MSX,45.12242246,-93.51007921,0.3802412486,26.22607545,34.25979809
MSX,44.77501113,-93.51236905,0.3187965278,21.98809788,30.35581559
MSX,45.0371918,-93.51298731,0.3363045775,23.19566658,31.46821579
MSX,45.13728635,-93.51300539,0.3919321211,27.03242064,35.00259521
MSX,45.07155413,-93.51462299,0.354582867,24.45636042,32.62955433
MSX,44.97310162,-93.51466229,0.3141643864,21.66860889,30.06150554
MSX,45.12106083,-93.51477234,0.3830768187,26.42165095,34.43996029
MSX,44.84255875,-93.51583147,0.3056599451,21.08203887,29.5211631
MSX,45.07914279,-93.51637082,0.360105514,24.83726953,32.98044399
MSX,44.88825446,-93.51899898,0.3058937958,21.09816806,29.53602116
MSX,44.77970541,-93.51955789,0.3239990426,22.34692677,30.68636517
MSX,44.58707272,-93.51960641,0.4273799234,29.47733355,37.2548245
MSX,44.87097353,-93.52028915,0.3074830539,21.20778269,29.63699705
MSX,45.12076944,-93.52055464,0.3874689754,26.72458766,34.71902255
MSX,44.98778072,-93.52059017,0.3242117835,22.36159997,30.69988198
MSX,45.05796083,-93.52095698,0.3531285169,24.3560507,32.53715002
MSX,44.90739637,-93.52141726,0.3091112446,21.32008259,29.7404466
MSX,45.07548871,-93.52143331,0.3624445208,24.99859598,33.1290563
MSX,44.9707582,-93.52237575,0.3209405665,22.13597694,30.4920403
MSX,45.03571384,-93.52296957,0.3445855262,23.76682183,31.99435829
MSX,44.86628209,-93.52354329,0.3109799717,21.44897281,29.85917897
MSX,44.97303139,-93.52487048,0.3239559089,22.34395174,30.6836246
MSX,44.89996,-93.52722595,0.3144619265,21.68913089,30.08041019
MSX,45.13596894,-93.5276806,0.4024483183,27.7577459,35.67075757
MSX,45.06740974,-93.5286052,0.3644531578,25.13713609,33.25667806
MSX,44.84442633,-93.52916301,0.3186252845,21.97628685,30.34493539
MSX,45.06505794,-93.53120663,0.3655427764,25.21228949,33.32590862
MSX,44.86675168,-93.5312897,0.318685638,21.98044956,30.34877004
MSX,44.86304823,-93.53275226,0.3203774992,22.09714095,30.45626498
MSX,44.88551929,-93.53314407,0.3200214029,22.0725802,30.43363986
MSX,44.84710426,-93.53939648,0.328459103,22.65454694,30.9697418
MSX,44.83045409,-93.54007384,0.3314586515,22.8614324,31.16032261
MSX,45.0298494,-93.54202983,0.3594160496,24.78971566,32.93663783
MSX,45.02986425,-93.5420953,0.3594819557,24.79426134,32.94082528
MSX,44.9029098,-93.54695636,0.3343167558,23.05856215,31.34191656
MSX,44.78169539,-93.55025061,0.3525807754,24.31827176,32.50234844
MSX,44.78589339,-93.55159217,0.3526618573,24.32386415,32.5075001
MSX,45.19068279,-93.55198136,0.4564064701,31.47935834,39.09906969
MSX,44.77959918,-93.55267417,0.3555142631,24.52060086,32.68873198
MSX,45.02911101,-93.55536096,0.3713671391,25.61400859,33.69596823
MSX,44.88329783,-93.55634794,0.3432286429,23.6732346,31.90814667
MSX,44.9038635,-93.56894021,0.3563201545,24.57618496,32.7399355
MSX,44.83195371,-93.57014459,0.3609310711,24.89421002,33.032897
MSX,45.01671656,-93.57090079,0.3812759073,26.29743813,34.32553668
MSX,44.89731115,-93.5758296,0.362917507,25.03121887,33.15910818
MSX,44.88363219,-93.57936606,0.3662451735,25.26073536,33.37053647
MSX,44.91365207,-93.58098777,0.3689837942,25.44962405,33.54453884
MSX,44.93783478,-93.5823241,0.3729715038,25.72466515,33.79790395
MSX,44.93628676,-93.58279848,0.3732249517,25.74214601,33.81400714
MSX,44.89721305,-93.58593027,0.3730092184,25.72726642,33.80030021
MSX,44.94016178,-93.58949672,0.3804038407,26.23728978,34.27012862
MSX,45.00218525,-93.58998048,0.394676005,27.22167235,35.17693199
MSX,44.89290733,-93.59470676,0.3816668386,26.32440153,34.35037509
MSX,44.98764483,-93.59527812,0.3957168143,27.29345926,35.24306137
MSX,44.85490666,-93.59547069,0.3835247977,26.45254905,34.46842331
MSX,44.86653496,-93.59619974,0.3835181639,26.45209151,34.46800182
MSX,44.83086108,-93.6036018,0.3942048569,27.18917623,35.14699689
MSX,44.8932895,-93.60919928,0.3961641958,27.32431615,35.27148643
MSX,44.79888261,-93.61125317,0.4073234581,28.09399501,35.98050689
MSX,44.89393498,-93.61355971,0.4005376476,27.62596274,35.54936025
MSX,44.90719819,-93.61585344,0.4033451646,27.81960336,35.72774005
MSX,44.94759714,-93.62232926,0.4139760957,28.55284207,36.40319221
MSX,44.95003883,-93.62311122,0.4151249842,28.63208344,36.47618856
MSX,44.93598549,-93.6268867,0.416900993,28.75457867,36.58902994
MSX,44.80919868,-93.63071035,0.4243995044,29.2717675,37.06545911
MSX,44.92835793,-93.63417916,0.4232891671,29.19518509,36.99491216
MSX,44.88349089,-93.64113793,0.4280171664,29.5212856,37.29531269
MSX,44.85493814,-93.6425781,0.4305012141,29.69261584,37.45314039
MSX,45.22317095,-93.64699736,0.550136966,37.94415685,45.05437734
MSX,45.01448232,-93.64836916,0.4541163765,31.32140554,38.95356515
MSX,44.68022045,-93.65206336,0.4843307804,33.40535945,40.87328263
MSX,44.94536371,-93.65765489,0.4486202352,30.94232459,38.60435958
MSX,44.8917437,-93.66088331,0.4478118831,30.88657077,38.55299971
MSX,44.93330573,-93.66110768,0.4505883553,31.07807016,38.72940704
MSX,45.00746372,-93.66768567,0.4707870472,32.47121837,40.01276122
MSX,44.92967364,-93.66875741,0.45782543,31.57722712,39.18922543
MSX,44.85316758,-93.66996057,0.4579405188,31.58516505,39.19653777
MSX,44.83365373,-93.67231547,0.462046815,31.86838534,39.45743746
MSX,44.20233456,-93.67626275,0.8248884331,56.89436998,62.51112393
MSX,44.91675051,-93.68370364,0.4716547544,32.53106605,40.0678923
MSX,44.91222885,-93.68614942,0.4738130315,32.67992717,40.20502167
MSX,45.02022762,-93.6878195,0.4935998465,34.04466734,41.46220665
MSX,44.90259324,-93.69797614,0.485174407,33.46354624,40.92688371
MSX,44.90200603,-93.69980545,0.48698157,33.58819024,41.04170452
MSX,44.90391807,-93.70110138,0.4883472932,33.68238717,41.12847779
MSX,44.85036254,-93.79186427,0.5797727541,39.98820235,46.93733159
MSX,44.82986017,-93.81433582,0.6037299076,41.64057993,48.45948527
MSX,44.82987058,-93.81468221,0.6040739008,41.6643059,48.4813414
MSX,44.08083059,-93.85457449,1.028612101,70.94563954,75.45501274
MSX,45.24359053,-93.92800043,0.7998022271,55.16411917,60.9172342
MSX,44.15949142,-94.00010939,1.070334031,73.82329288,78.10587819
MSX,44.14920877,-94.030311,1.099585488,75.84083019,79.96441335
MSX,45.26952291,-94.12200055,0.9868973011,68.06847803,72.80460037
MSX,45.53528742,-94.16007191,1.148769244,79.23314204,83.08937706
MSX,45.59365436,-94.16233514,1.184604216,81.70475894,85.3662058
MSX,44.09514203,-94.18587115,1.253000692,86.42221435,89.71187849
MSX,44.09544064,-94.18640192,1.253224651,86.43766128,89.72610805
MSX,46.40109059,-94.19373695,1.805639116,124.5389022,124.8245897
RST,44.02329018,-91.70701619,1.735162601,119.677982,120.3467586
RST,43.73390269,-91.92314704,1.728847219,119.2423961,119.9455013
RST,43.99465851,-92.34945411,1.24036915,85.55098908,88.90931449
RST,44.002356,-92.37643909,1.216135319,83.87952844,87.36958168
RST,43.97127559,-92.39405514,1.227047308,84.63215231,88.06289126
RST,43.99243121,-92.40636388,1.203088823,82.97968292,86.540653
RST,44.04088605,-92.42222644,1.156691611,79.77956513,83.59273654
RST,44.05377121,-92.42297383,1.146807933,79.09786611,82.96476223
RST,43.98606117,-92.42948066,1.192505303,82.24971428,85.8682132
RST,44.00176549,-92.42959194,1.180639124,81.43127779,85.1142777
RST,44.0543175,-92.42969918,1.141787105,78.75156856,82.64575639
RST,43.98271786,-92.43378817,1.192207181,82.22915213,85.84927155
RST,44.01425864,-92.43482327,1.167830134,80.54781354,84.30043929
RST,44.04340527,-92.44049206,1.142423002,78.79542781,82.68615909
RST,44.1362609,-92.44135092,1.075241656,74.16178252,78.41769145
RST,44.01158884,-92.44327621,1.1642152,80.29848361,84.07075905
RST,44.05172915,-92.44451505,1.133573836,78.18508133,82.12391403
RST,44.03180523,-92.4449941,1.147977296,79.17851963,83.03905945
RST,44.05722855,-92.44744734,1.127544529,77.76922677,81.74083297
RST,44.08541319,-92.44880058,1.10608472,76.2890965,80.37735178
RST,44.02689771,-92.45088801,1.14770624,79.15982435,83.02183754
RST,44.01592345,-92.45270629,1.154735508,79.64464838,83.46845258
RST,43.99766663,-92.45520432,1.166912727,80.484538,84.24215049
RST,43.99888129,-92.45570589,1.165663446,80.39837233,84.16277554
RST,44.03703917,-92.45898698,1.134745754,78.26591112,82.19837362
RST,43.99246958,-92.45987703,1.16784992,80.54917822,84.30169641
RST,44.03255574,-92.46057876,1.137045591,78.42453594,82.34449722
RST,44.01146294,-92.46067443,1.152879751,79.51665277,83.3505443
RST,43.97479027,-92.46104145,1.18067331,81.43363567,85.11644976
RST,44.02107527,-92.4624499,1.144448853,78.9351552,82.81487457
RST,44.00554499,-92.46254356,1.15615557,79.74259319,83.55867836
RST,44.02326158,-92.46266443,1.142658561,78.8116748,82.70112566
RST,44.01861517,-92.46343636,1.145661182,79.01877216,82.89190167
RST,43.99643241,-92.46427079,1.161987906,80.14486227,83.9292446
RST,44.0583875,-92.46433063,1.115289315,76.92395771,80.96217958
RST,44.02095031,-92.46490329,1.142935571,78.83078081,82.71872593
RST,44.02335642,-92.46552084,1.140712974,78.67748335,82.57750984
RST,44.02265047,-92.46669565,1.140477019,78.66120904,82.56251811
RST,43.98971108,-92.46687604,1.165465488,80.38471871,84.15019796
RST,44.02408559,-92.46758868,1.138807517,78.54605983,82.45644381
RST,44.05518495,-92.46831479,1.114999501,76.9039686,80.94376581
RST,44.03356714,-92.46870645,1.130921169,78.00212106,81.95537286
RST,44.05510617,-92.46915481,1.114497212,76.8693246,80.91185211
RST,44.01904103,-92.46999287,1.141058366,78.70130582,82.59945486
RST,44.05262215,-92.46999751,1.115786556,76.95825353,80.99377255
RST,43.98862408,-92.47105424,1.163631691,80.25823773,84.03368495
RST,43.9977156,-92.47342738,1.155122192,79.67131885,83.49302115
RST,44.03252235,-92.47344532,1.128596399,77.84177655,81.8076651
RST,44.02196228,-92.47380957,1.136356326,78.37699576,82.30070368
RST,44.02628745,-92.47396453,1.132974095,78.1437159,82.08580861
RST,44.02136631,-92.47443826,1.136400219,78.38002318,82.30349251
RST,44.02725968,-92.47537353,1.131318115,78.02949926,81.98059338
RST,44.02202156,-92.47569608,1.135084803,78.28929605,82.21991558
RST,44.01082777,-92.47626762,1.143249192,78.85241191,82.73865228
RST,44.02333866,-92.47705767,1.13319895,78.15922464,82.10009511
RST,44.02249072,-92.47799409,1.133236116,78.16178803,82.10245647
RST,44.00432024,-92.47850305,1.146799129,79.09725888,82.96420285
RST,44.0169006,-92.47875612,1.137003901,78.42166049,82.34184839
RST,44.0673869,-92.47985953,1.098207489,75.74578655,79.87686011
RST,44.06514554,-92.48194192,1.098489874,75.7652633,79.89480189
RST,44.0498301,-92.48229302,1.109735154,76.540875,80.60928762
RST,44.02252147,-92.4825602,1.13025596,77.95624014,81.91310781
RST,44.02294437,-92.482976,1.129664516,77.91544694,81.87552953
RST,44.05752392,-92.48361699,1.103080947,76.0819197,80.18650259
RST,44.02131171,-92.48415246,1.130151611,77.94904292,81.90647781
RST,44.02559873,-92.48489013,1.126401958,77.69042112,81.668238
RST,44.00288209,-92.48509159,1.143698595,78.88340825,82.7672058
RST,43.97501523,-92.48612014,1.164683011,80.33074957,84.10048212
RST,44.17721784,-92.4869876,1.013970311,69.93576307,74.52472465
RST,44.02860225,-92.48706274,1.12270598,77.43550142,81.43340852
RST,44.06457735,-92.48903883,1.094204745,75.46970849,79.62253976
RST,44.01972666,-92.48908574,1.128190965,77.81381288,81.78190525
RST,43.97071291,-92.48950194,1.165945471,80.41782421,84.18069441
RST,43.96999899,-92.48954718,1.166477279,80.4545042,84.21448365
RST,43.97822015,-92.48976099,1.159906807,80.00132424,83.79701882
RST,43.85729736,-92.49053598,1.256252519,86.6465,89.91848818
RST,43.99189332,-92.49156755,1.148113716,79.18792882,83.0477271
RST,43.99919554,-92.49287878,1.141615311,78.73971954,82.63484119
RST,43.87250192,-92.49451804,1.241536591,85.63151007,88.98348962
RST,44.02300082,-92.49619485,1.121122621,77.32629362,81.33280739
RST,44.08143271,-92.49924153,1.074821924,74.13283271,78.39102318
RST,44.00863675,-92.49960908,1.130044311,77.94164222,81.89966036
RST,43.90839369,-92.49967395,1.209397283,83.4147913,86.94147048
RST,44.02557174,-92.50142598,1.115803421,76.95941673,80.99484407
RST,44.04938651,-92.50282602,1.096659713,75.63903302,79.77851983
RST,44.00132701,-92.50340802,1.13333924,78.1689007,82.1090086
RST,44.04725036,-92.50352204,1.097838112,75.72030981,79.85339118
RST,44.06724828,-92.51333045,1.076253063,74.23154148,78.48195271
RST,44.01667466,-92.51558898,1.113745549,76.81748074,80.86409406
RST,44.12402753,-92.517096,1.031229015,71.12613386,75.6212823
RST,44.03149834,-92.51851658,1.100377953,75.89548822,80.01476379
RST,44.01217162,-92.52186881,1.113349752,76.79018176,80.83894651
RST,44.00085933,-92.52811619,1.118402213,77.13866114,81.15996223
RST,44.04473115,-92.52929581,1.083310464,74.71830598,78.93035529
RST,44.03575306,-92.53477818,1.086858357,74.96301199,79.15577602
RST,44.00502134,-92.54610226,1.104157649,76.15618221,80.25491248
RST,44.16463438,-92.54914076,0.9796453159,67.56829266,72.34383461
RST,44.07825645,-92.55419695,1.041591702,71.84087119,76.27969118
RST,44.01790458,-92.55743313,1.087046617,74.97599666,79.16773737
RST,44.09850475,-92.57571632,1.012303943,69.82083,74.41884946
RST,44.03547596,-92.62439575,1.033527851,71.28468963,75.76734229
RST,44.03235736,-92.63318335,1.031124637,71.1189347,75.61465051
RST,44.29903659,-92.67951572,0.792472907,54.65859984,60.45155486
RST,44.02448881,-92.74619984,0.9789709917,67.52178303,72.30099041
RST,43.66034633,-92.94444149,1.253716895,86.47161243,89.75738351
STC,45.48945443,-93.88211631,0.9016629786,62.18967929,67.38910984
STC,45.41230849,-94.04189864,0.98234009,67.75415716,72.51505113
STC,45.41265555,-94.05491518,0.9935306975,68.52599797,73.22606316
STC,45.54812095,-94.06968255,1.083286749,74.71667033,78.92884855
STC,45.51629224,-94.14822405,1.128284624,77.82027276,81.78785603
STC,45.55215938,-94.16050945,1.158762156,79.92237517,83.72429172
STC,45.60862562,-94.17873137,1.206701276,83.22884174,86.77017561
STC,45.6005515,-94.18039228,1.203211192,82.98812295,86.54842788
STC,45.54860654,-94.18514511,1.176982231,81.17905383,84.88193151
STC,45.61551681,-94.19172852,1.221236622,84.23137652,87.69370062
STC,45.55148127,-94.20403448,1.19423187,82.36879939,85.97791322
STC,45.58620206,-94.23540397,1.23969116,85.50422666,88.86623742
STC,45.56624358,-94.23723474,1.230035165,84.83823139,88.25272924
STC,45.49052645,-94.28700299,1.232866343,85.03350401,88.43261243
STC,45.31424383,-94.31844014,1.185762221,81.78462904,85.43978134
STC,45.68600816,-94.43614482,1.462019456,100.8386983,102.9921992
STC,45.60776197,-94.48382042,1.461899783,100.8304442,102.9845955