id,date_of_departure,pick_up_datetime,pick_up_lat,pick_up_long,drop_off_datetime,drop_off_lat,drop_off_long,operator,driver,vehicle
5137,2022-06-01 00:00:00,2022-06-01 00:00:00,44.88747,-93.20126,2022-06-01 00:28:18,45.05264684921384,-93.2224441934833,New Booking,-1,-1
6182,2022-06-01 00:00:00,2022-06-01 00:19:48,44.88747,-93.20126,2022-06-01 02:56:12,43.92462315246036,-91.12623258395902,New Booking,-1,-1
4728,2022-06-01 00:00:00,2022-06-01 02:13:48,44.88747,-93.20126,2022-06-01 02:41:24,44.79690592753398,-93.38330108850688,New Booking,-1,-1
6209,2022-06-01 00:00:00,2022-06-01 02:46:12,44.88747,-93.20126,2022-06-01 03:20:48,45.09715227885166,-93.37991303530733,New Booking,-1,-1
4910,2022-06-01 00:00:00,2022-06-01 03:07:48,44.88747,-93.20126,2022-06-01 04:33:48,45.571156619687045,-94.00483617171255,New Booking,-1,-1
6136,2022-06-01 00:00:00,2022-06-01 03:07:48,44.88747,-93.20126,2022-06-01 03:42:06,45.12306095695961,-93.12577714149371,New Booking,-1,-1
6000,2022-06-01 00:00:00,2022-06-01 03:32:24,44.88747,-93.20126,2022-06-01 03:51:36,44.902726128757855,-93.13100379749882,New Booking,-1,-1
6217,2022-06-01 00:00:00,2022-06-01 05:40:48,44.88747,-93.20126,2022-06-01 07:07:06,44.170310014496906,-92.45763206172283,New Booking,-1,-1
4702,2022-06-01 00:00:00,2022-06-01 06:20:24,44.88747,-93.20126,2022-06-01 08:13:12,44.778113617781,-91.48455297805609,New Booking,-1,-1
5968,2022-06-01 00:00:00,2022-06-01 06:58:12,44.88747,-93.20126,2022-06-01 07:33:06,45.00561479407036,-93.51062973316232,New Booking,-1,-1
1367,2022-06-01 00:00:00,2022-06-01 07:21:12,43.945538722815314,-91.23273574138727,2022-06-01 09:51:36,44.88747,-93.20126,New Booking,-1,-1
6688,2022-06-01 00:00:00,2022-06-01 08:50:54,46.7772762593446,-92.18489588580162,2022-06-01 11:47:24,44.88747,-93.20126,New Booking,-1,-1
6527,2022-06-01 00:00:00,2022-06-01 10:00:54,46.44895586018735,-94.31174761993994,2022-06-01 12:35:24,44.88747,-93.20126,New Booking,-1,-1
7181,2022-06-01 00:00:00,2022-06-01 10:06:42,44.94870306226175,-93.05664363682172,2022-06-01 10:31:12,44.88747,-93.20126,New Booking,-1,-1
2735,2022-06-01 00:00:00,2022-06-01 10:14:24,45.18782530671713,-93.46302084657704,2022-06-01 10:57:36,44.88747,-93.20126,New Booking,-1,-1
7548,2022-06-01 00:00:00,2022-06-01 10:37:42,43.88113752382168,-92.7387660022935,2022-06-01 12:17:24,44.88747,-93.20126,New Booking,-1,-1
6015,2022-06-01 00:00:00,2022-06-01 10:59:00,44.80894134490639,-93.3527854260358,2022-06-01 11:24:36,44.88747,-93.20126,New Booking,-1,-1
7306,2022-06-01 00:00:00,2022-06-01 11:37:48,44.88747,-93.20126,2022-06-01 12:06:36,44.8464078401746,-93.43843046534164,New Booking,-1,-1
6407,2022-06-01 00:00:00,2022-06-01 11:45:48,43.646348854958894,-91.25784819260988,2022-06-01 14:30:00,44.88747,-93.20126,New Booking,-1,-1
7436,2022-06-01 00:00:00,2022-06-01 11:52:42,45.1893444484752,-93.33358960142,2022-06-01 12:33:00,44.88747,-93.20126,New Booking,-1,-1
6670,2022-06-01 00:00:00,2022-06-01 12:06:36,45.001806499758565,-93.35348226150532,2022-06-01 12:34:12,44.88747,-93.20126,New Booking,-1,-1
4756,2022-06-01 00:00:00,2022-06-01 13:03:12,44.74918217243035,-93.10105008816166,2022-06-01 13:30:36,44.88747,-93.20126,New Booking,-1,-1
7147,2022-06-01 00:00:00,2022-06-01 14:31:54,45.0319593602707,-92.72478490877316,2022-06-01 15:16:12,44.88747,-93.20126,New Booking,-1,-1
7538,2022-06-01 00:00:00,2022-06-01 14:52:42,44.01872040793434,-92.38942663363034,2022-06-01 16:31:12,44.88747,-93.20126,New Booking,-1,-1
6668,2022-06-01 00:00:00,2022-06-01 15:45:06,46.773546133959016,-92.4167886106534,2022-06-01 18:37:12,44.88747,-93.20126,New Booking,-1,-1
5812,2022-06-01 00:00:00,2022-06-01 16:27:54,44.01867277419642,-92.29257777509476,2022-06-01 18:09:36,44.88747,-93.20126,New Booking,-1,-1
7497,2022-06-01 00:00:00,2022-06-01 16:45:42,43.72669274830336,-91.3364608740542,2022-06-01 19:22:12,44.88747,-93.20126,New Booking,-1,-1
6398,2022-06-01 00:00:00,2022-06-01 17:28:42,44.73760646273632,-93.51945427225316,2022-06-01 18:05:24,44.88747,-93.20126,New Booking,-1,-1
7075,2022-06-01 00:00:00,2022-06-01 17:41:30,44.7389341574032,-92.96655590319116,2022-06-01 18:14:24,44.88747,-93.20126,New Booking,-1,-1
4914,2022-06-01 00:00:00,2022-06-01 20:30:00,44.88747,-93.20126,2022-06-01 22:48:36,43.97109199741698,-91.45928242357436,New Booking,-1,-1
7519,2022-06-01 00:00:00,2022-06-01 22:42:12,43.82935682585656,-91.06615185350547,2022-06-02 01:25:48,44.88747,-93.20126,New Booking,-1,-1
885,2022-06-02 00:00:00,2022-06-02 00:32:24,44.88747,-93.20126,2022-06-02 02:07:48,44.034720481002,-92.45629449076874,New Booking,-1,-1
3725,2022-06-02 00:00:00,2022-06-02 01:43:12,44.88747,-93.20126,2022-06-02 04:13:00,43.98082490755121,-91.21237683500338,New Booking,-1,-1
345,2022-06-02 00:00:00,2022-06-02 01:43:12,44.88747,-93.20126,2022-06-02 02:09:12,44.91097100510496,-93.0108479280606,New Booking,-1,-1
4001,2022-06-02 00:00:00,2022-06-02 02:10:48,44.88747,-93.20126,2022-06-02 03:42:30,44.0119816223617,-92.6526636340198,New Booking,-1,-1
6265,2022-06-02 00:00:00,2022-06-02 02:20:24,44.88747,-93.20126,2022-06-02 02:47:54,44.97411076230927,-93.01807380198083,New Booking,-1,-1
4172,2022-06-02 00:00:00,2022-06-02 02:27:00,44.88747,-93.20126,2022-06-02 04:16:18,43.89750735910711,-92.30544629839956,New Booking,-1,-1
6871,2022-06-02 00:00:00,2022-06-02 02:31:48,44.88747,-93.20126,2022-06-02 02:54:06,44.89854348465901,-93.32824041723178,New Booking,-1,-1
4399,2022-06-02 00:00:00,2022-06-02 03:03:00,44.88747,-93.20126,2022-06-02 03:40:30,45.16308918231157,-93.284452663134,New Booking,-1,-1
5687,2022-06-02 00:00:00,2022-06-02 03:14:24,44.88747,-93.20126,2022-06-02 03:48:00,44.94578320311714,-93.51957489942347,New Booking,-1,-1
6124,2022-06-02 00:00:00,2022-06-02 03:37:48,44.88747,-93.20126,2022-06-02 03:59:48,44.92588936037988,-93.31146237549116,New Booking,-1,-1
6687,2022-06-02 00:00:00,2022-06-02 04:52:12,44.88747,-93.20126,2022-06-02 05:32:12,44.5853692698628,-93.08663566542408,New Booking,-1,-1
6489,2022-06-02 00:00:00,2022-06-02 05:01:12,44.88747,-93.20126,2022-06-02 05:44:00,45.15992194706023,-93.50582812744872,New Booking,-1,-1
2251,2022-06-02 00:00:00,2022-06-02 05:39:00,44.88747,-93.20126,2022-06-02 07:41:54,44.31081823720837,-91.48930508182885,New Booking,-1,-1
5313,2022-06-02 00:00:00,2022-06-02 05:43:12,44.88747,-93.20126,2022-06-02 06:23:36,45.20480892160847,-93.22960565382938,New Booking,-1,-1
6530,2022-06-02 00:00:00,2022-06-02 05:48:00,44.88747,-93.20126,2022-06-02 06:36:54,44.464231748781,-93.16539111627397,New Booking,-1,-1
7681,2022-06-02 00:00:00,2022-06-02 05:49:12,44.88747,-93.20126,2022-06-02 06:13:54,44.98643437246264,-93.30097155540088,New Booking,-1,-1
3643,2022-06-02 00:00:00,2022-06-02 05:52:48,44.88747,-93.20126,2022-06-02 08:17:24,44.09419626929496,-91.22190122508732,New Booking,-1,-1
6187,2022-06-02 00:00:00,2022-06-02 06:17:24,44.88747,-93.20126,2022-06-02 06:52:54,44.79294311813493,-93.53624966644308,New Booking,-1,-1
7378,2022-06-02 00:00:00,2022-06-02 07:50:54,44.80513907074175,-91.35198594654985,2022-06-02 09:51:00,44.88747,-93.20126,New Booking,-1,-1
3593,2022-06-02 00:00:00,2022-06-02 08:09:48,43.898013748774616,-91.33244465716314,2022-06-02 10:37:48,44.88747,-93.20126,New Booking,-1,-1
2765,2022-06-02 00:00:00,2022-06-02 09:46:18,46.72627492058559,-92.04034712775145,2022-06-02 12:42:00,44.88747,-93.20126,New Booking,-1,-1
6785,2022-06-02 00:00:00,2022-06-02 10:11:18,45.13306388496114,-93.38895299054413,2022-06-02 10:48:36,44.88747,-93.20126,New Booking,-1,-1
1349,2022-06-02 00:00:00,2022-06-02 10:20:54,46.59981326419423,-92.43809897947553,2022-06-02 12:59:24,44.88747,-93.20126,New Booking,-1,-1
6576,2022-06-02 00:00:00,2022-06-02 10:27:36,44.88747,-93.20126,2022-06-02 12:06:18,44.04421003649408,-92.33296551289958,New Booking,-1,-1
7335,2022-06-02 00:00:00,2022-06-02 10:28:00,45.21342404526223,-93.40177293806136,2022-06-02 11:11:24,44.88747,-93.20126,New Booking,-1,-1
4487,2022-06-02 00:00:00,2022-06-02 10:35:12,45.0315754472769,-92.71917597578164,2022-06-02 11:19:48,44.88747,-93.20126,New Booking,-1,-1
7462,2022-06-02 00:00:00,2022-06-02 11:04:36,44.95764203667569,-93.19575973298144,2022-06-02 11:25:12,44.88747,-93.20126,New Booking,-1,-1
7569,2022-06-02 00:00:00,2022-06-02 11:06:48,45.16767438650422,-93.00509312094536,2022-06-02 11:46:48,44.88747,-93.20126,New Booking,-1,-1
6368,2022-06-02 00:00:00,2022-06-02 11:13:48,44.88747,-93.20126,2022-06-02 11:54:12,45.06180243539149,-93.57629849194971,New Booking,-1,-1
4044,2022-06-02 00:00:00,2022-06-02 11:16:48,44.88747,-93.20126,2022-06-02 11:55:18,44.79545223484205,-93.59493812655572,New Booking,-1,-1
3756,2022-06-02 00:00:00,2022-06-02 11:26:30,44.93797230614359,-93.1123265722378,2022-06-02 11:48:00,44.88747,-93.20126,New Booking,-1,-1
5024,2022-06-02 00:00:00,2022-06-02 17:44:54,43.91155059721949,-92.39232392949422,2022-06-02 19:30:36,44.88747,-93.20126,New Booking,-1,-1
1874,2022-06-02 00:00:00,2022-06-02 17:51:12,45.07195489626652,-93.277769355544,2022-06-02 18:21:36,44.88747,-93.20126,New Booking,-1,-1
4679,2022-06-02 00:00:00,2022-06-02 17:53:30,45.00719625473467,-93.14616708306944,2022-06-02 18:18:36,44.88747,-93.20126,New Booking,-1,-1
6492,2022-06-02 00:00:00,2022-06-02 18:05:12,45.02582556378199,-93.5330295470967,2022-06-02 18:42:00,44.88747,-93.20126,New Booking,-1,-1
5492,2022-06-02 00:00:00,2022-06-02 18:07:36,44.95645363360448,-93.36881163493015,2022-06-02 18:33:36,44.88747,-93.20126,New Booking,-1,-1
7071,2022-06-02 00:00:00,2022-06-02 18:35:00,45.507598753124775,-94.29226694217422,2022-06-02 20:09:00,44.88747,-93.20126,New Booking,-1,-1
3188,2022-06-02 00:00:00,2022-06-02 18:47:42,44.79929833610409,-93.8497788543907,2022-06-02 19:40:12,44.88747,-93.20126,New Booking,-1,-1
4827,2022-06-02 00:00:00,2022-06-02 19:20:42,44.8841408333841,-92.92026724968376,2022-06-02 19:51:36,44.88747,-93.20126,New Booking,-1,-1
5630,2022-06-02 00:00:00,2022-06-02 19:44:36,44.21210288259364,-92.56008064939732,2022-06-02 21:04:48,44.88747,-93.20126,New Booking,-1,-1
4415,2022-06-02 00:00:00,2022-06-02 20:15:00,44.88747,-93.20126,2022-06-02 21:52:06,44.03649863087865,-92.39838026693286,New Booking,-1,-1
3712,2022-06-02 00:00:00,2022-06-02 20:22:48,44.88747,-93.20126,2022-06-02 22:06:54,43.953091581476365,-92.35123517793772,New Booking,-1,-1
6406,2022-06-02 00:00:00,2022-06-02 20:25:12,44.88747,-93.20126,2022-06-02 21:03:24,44.88448562930376,-93.6102728803676,New Booking,-1,-1
3430,2022-06-02 00:00:00,2022-06-02 21:03:36,44.88747,-93.20126,2022-06-02 21:38:54,44.77025890767136,-93.5181724871905,New Booking,-1,-1
5832,2022-06-02 00:00:00,2022-06-02 21:19:48,44.88747,-93.20126,2022-06-02 22:01:48,45.03699054201543,-93.6297855263863,New Booking,-1,-1
4112,2022-06-02 00:00:00,2022-06-02 21:41:48,45.27119547211941,-93.24694689467196,2022-06-02 22:27:36,44.88747,-93.20126,New Booking,-1,-1
3142,2022-06-02 00:00:00,2022-06-02 22:43:48,44.88747,-93.20126,2022-06-02 23:08:12,44.87254152573708,-93.3664651199224,New Booking,-1,-1
3647,2022-06-03 00:00:00,2022-06-03 00:22:48,44.88747,-93.20126,2022-06-03 00:54:12,44.83114128278698,-93.47886947548342,New Booking,-1,-1
6456,2022-06-03 00:00:00,2022-06-03 01:57:00,44.88747,-93.20126,2022-06-03 02:27:42,44.79818762512042,-93.44805437080991,New Booking,-1,-1
3680,2022-06-03 00:00:00,2022-06-03 02:15:36,44.88747,-93.20126,2022-06-03 02:49:06,45.108401691259566,-93.1033811055014,New Booking,-1,-1
5527,2022-06-03 00:00:00,2022-06-03 03:23:24,44.88747,-93.20126,2022-06-03 05:52:12,46.36932690942283,-94.31122295661912,New Booking,-1,-1
7143,2022-06-03 00:00:00,2022-06-03 04:24:30,44.88304820319608,-93.78454806304411,2022-06-03 05:12:36,44.88747,-93.20126,New Booking,-1,-1
5300,2022-06-03 00:00:00,2022-06-03 04:33:00,44.88747,-93.20126,2022-06-03 06:10:12,43.96323283764549,-92.57167644560737,New Booking,-1,-1
5156,2022-06-03 00:00:00,2022-06-03 05:18:00,44.88747,-93.20126,2022-06-03 07:54:36,43.77674498447641,-91.27457713585302,New Booking,-1,-1
1918,2022-06-03 00:00:00,2022-06-03 05:50:24,44.88747,-93.20126,2022-06-03 08:59:18,46.9208983947154,-92.09947633926892,New Booking,-1,-1
2529,2022-06-03 00:00:00,2022-06-03 05:52:48,44.88747,-93.20126,2022-06-03 08:43:48,46.74768027882932,-92.359958547264,New Booking,-1,-1
998,2022-06-03 00:00:00,2022-06-03 05:54:36,44.88747,-93.20126,2022-06-03 09:04:48,46.96598429685224,-92.207824715226,New Booking,-1,-1
381,2022-06-03 00:00:00,2022-06-03 06:00:00,44.88747,-93.20126,2022-06-03 06:30:30,44.87548018275339,-93.47402445019,New Booking,-1,-1
6555,2022-06-03 00:00:00,2022-06-03 09:24:00,44.907695594060286,-93.7937922098527,2022-06-03 10:12:36,44.88747,-93.20126,New Booking,-1,-1
340,2022-06-03 00:00:00,2022-06-03 09:54:06,46.40561430061723,-94.3460879208124,2022-06-03 12:26:24,44.88747,-93.20126,New Booking,-1,-1
6142,2022-06-03 00:00:00,2022-06-03 09:58:24,45.38658613125463,-93.42195645692324,2022-06-03 10:55:12,44.88747,-93.20126,New Booking,-1,-1
6183,2022-06-03 00:00:00,2022-06-03 10:02:00,43.92462315246036,-91.12623258395902,2022-06-03 12:38:24,44.88747,-93.20126,New Booking,-1,-1
6154,2022-06-03 00:00:00,2022-06-03 10:41:42,44.09643274084804,-93.20466848766908,2022-06-03 12:00:00,44.88747,-93.20126,New Booking,-1,-1
3012,2022-06-03 00:00:00,2022-06-03 10:43:36,44.81345541799054,-93.31032351411328,2022-06-03 11:07:12,44.88747,-93.20126,New Booking,-1,-1
5900,2022-06-03 00:00:00,2022-06-03 11:13:12,44.88747,-93.20126,2022-06-03 13:11:36,44.70188375263904,-91.3985110273323,New Booking,-1,-1
6683,2022-06-03 00:00:00,2022-06-03 11:19:54,45.14709240880827,-93.1578750210108,2022-06-03 11:55:48,44.88747,-93.20126,New Booking,-1,-1
235,2022-06-03 00:00:00,2022-06-03 12:28:18,44.80973537731434,-93.0740743634308,2022-06-03 12:52:48,44.88747,-93.20126,New Booking,-1,-1
5943,2022-06-03 00:00:00,2022-06-03 12:38:30,45.43403051798565,-93.49009285367522,2022-06-03 13:40:12,44.88747,-93.20126,New Booking,-1,-1
7170,2022-06-03 00:00:00,2022-06-03 12:53:42,44.979347505506006,-93.59926173019792,2022-06-03 13:32:24,44.88747,-93.20126,New Booking,-1,-1
4453,2022-06-03 00:00:00,2022-06-03 13:16:12,44.89550550511678,-93.07487422218134,2022-06-03 13:38:24,44.88747,-93.20126,New Booking,-1,-1
5428,2022-06-03 00:00:00,2022-06-03 14:01:54,45.23642422532823,-93.41802896175032,2022-06-03 14:47:24,44.88747,-93.20126,New Booking,-1,-1
7654,2022-06-03 00:00:00,2022-06-03 15:13:00,44.10041758909172,-92.33695186547556,2022-06-03 16:48:00,44.88747,-93.20126,New Booking,-1,-1
5565,2022-06-03 00:00:00,2022-06-03 15:15:36,46.22255622134429,-94.71125724034766,2022-06-03 17:46:48,44.88747,-93.20126,New Booking,-1,-1
7231,2022-06-03 00:00:00,2022-06-03 15:42:48,46.28475861808088,-94.32296274935833,2022-06-03 18:06:00,44.88747,-93.20126,New Booking,-1,-1
7492,2022-06-03 00:00:00,2022-06-03 16:24:24,46.83037519579361,-92.4476663393821,2022-06-03 19:20:24,44.88747,-93.20126,New Booking,-1,-1
7418,2022-06-03 00:00:00,2022-06-03 17:03:00,45.66272894686117,-94.17599554196195,2022-06-03 18:40:48,44.88747,-93.20126,New Booking,-1,-1
7264,2022-06-03 00:00:00,2022-06-03 17:12:12,46.68733776520416,-92.13349626414885,2022-06-03 20:03:00,44.88747,-93.20126,New Booking,-1,-1
7420,2022-06-03 00:00:00,2022-06-03 17:35:12,45.16140498949972,-93.48487245924215,2022-06-03 18:17:24,44.88747,-93.20126,New Booking,-1,-1
7634,2022-06-03 00:00:00,2022-06-03 17:47:36,46.37794119216595,-94.30119025330936,2022-06-03 20:16:48,44.88747,-93.20126,New Booking,-1,-1
5645,2022-06-03 00:00:00,2022-06-03 17:47:42,44.77452206539792,-92.84899525321816,2022-06-03 18:24:36,44.88747,-93.20126,New Booking,-1,-1
7040,2022-06-03 00:00:00,2022-06-03 17:50:18,45.00731389729789,-93.34914654039468,2022-06-03 18:18:00,44.88747,-93.20126,New Booking,-1,-1
4879,2022-06-03 00:00:00,2022-06-03 18:09:42,44.83487507715103,-93.4090762030722,2022-06-03 18:37:12,44.88747,-93.20126,New Booking,-1,-1
7562,2022-06-03 00:00:00,2022-06-03 18:30:24,44.93311516472136,-92.76897828644452,2022-06-03 19:10:12,44.88747,-93.20126,New Booking,-1,-1
6679,2022-06-03 00:00:00,2022-06-03 18:50:42,44.804119032465245,-93.28335776910218,2022-06-03 19:13:48,44.88747,-93.20126,New Booking,-1,-1
5836,2022-06-03 00:00:00,2022-06-03 18:56:30,45.13367725690471,-93.28554410241728,2022-06-03 19:31:48,44.88747,-93.20126,New Booking,-1,-1
6081,2022-06-03 00:00:00,2022-06-03 19:02:36,43.96710712024036,-92.72899725730566,2022-06-03 20:36:00,44.88747,-93.20126,New Booking,-1,-1
6747,2022-06-03 00:00:00,2022-06-03 19:15:36,44.88747,-93.20126,2022-06-03 20:52:24,43.9858532879387,-92.526509575747,New Booking,-1,-1
7219,2022-06-03 00:00:00,2022-06-03 19:15:54,45.10116210163075,-93.18802286504064,2022-06-03 19:48:00,44.88747,-93.20126,New Booking,-1,-1
5747,2022-06-03 00:00:00,2022-06-03 20:00:36,44.88747,-93.20126,2022-06-03 23:02:00,46.85162661657292,-92.2198498931952,New Booking,-1,-1
5278,2022-06-03 00:00:00,2022-06-03 20:15:00,44.88747,-93.20126,2022-06-03 22:36:06,46.25151129984023,-94.329829137726,New Booking,-1,-1
6644,2022-06-03 00:00:00,2022-06-03 20:17:24,44.88747,-93.20126,2022-06-03 20:57:06,45.12036275131869,-92.91389190320872,New Booking,-1,-1
3882,2022-06-03 00:00:00,2022-06-03 20:25:48,44.88747,-93.20126,2022-06-03 21:57:36,44.1099455481494,-93.99118072804512,New Booking,-1,-1
7244,2022-06-03 00:00:00,2022-06-03 20:32:24,44.88747,-93.20126,2022-06-03 21:45:42,44.34073562063836,-92.52476843855187,New Booking,-1,-1
5205,2022-06-03 00:00:00,2022-06-03 20:39:00,44.88747,-93.20126,2022-06-03 21:33:24,44.75237317294173,-93.8680407876212,New Booking,-1,-1
6809,2022-06-03 00:00:00,2022-06-03 20:40:12,44.88747,-93.20126,2022-06-03 23:42:24,46.84795916503104,-92.16262664658214,New Booking,-1,-1
6807,2022-06-03 00:00:00,2022-06-03 21:33:36,44.88747,-93.20126,2022-06-03 22:20:36,44.4879731213254,-93.21766917694238,New Booking,-1,-1
712,2022-06-03 00:00:00,2022-06-03 21:43:12,44.88747,-93.20126,2022-06-03 22:46:06,45.33894081716017,-93.75735264402796,New Booking,-1,-1
1640,2022-06-03 00:00:00,2022-06-03 21:50:24,44.88747,-93.20126,2022-06-03 22:31:18,44.56380781007686,-93.20572702992112,New Booking,-1,-1
1925,2022-06-03 00:00:00,2022-06-03 23:34:12,44.88747,-93.20126,2022-06-03 23:59:48,44.97924461807322,-93.3351557460704,New Booking,-1,-1
6541,2022-06-04 00:00:00,2022-06-04 00:37:48,44.88747,-93.20126,2022-06-04 01:14:18,45.14508908346137,-93.30746387527232,New Booking,-1,-1
7580,2022-06-04 00:00:00,2022-06-04 01:22:12,44.88747,-93.20126,2022-06-04 02:01:24,45.13750657687565,-93.44291798801596,New Booking,-1,-1
4772,2022-06-04 00:00:00,2022-06-04 02:07:12,44.88747,-93.20126,2022-06-04 04:30:12,46.33347370559894,-94.17901973242198,New Booking,-1,-1
6575,2022-06-04 00:00:00,2022-06-04 03:10:48,44.88747,-93.20126,2022-06-04 05:31:24,46.4278057405267,-93.63466456902935,New Booking,-1,-1
3974,2022-06-04 00:00:00,2022-06-04 03:29:24,44.88747,-93.20126,2022-06-04 05:00:30,45.41991583775398,-94.3193201474775,New Booking,-1,-1
5620,2022-06-04 00:00:00,2022-06-04 05:30:36,44.88747,-93.20126,2022-06-04 07:01:54,44.08639244333637,-92.47556181081414,New Booking,-1,-1
2212,2022-06-04 00:00:00,2022-06-04 05:42:00,44.88747,-93.20126,2022-06-04 06:22:24,44.90431534760917,-93.64804234403545,New Booking,-1,-1
7750,2022-06-04 00:00:00,2022-06-04 05:45:00,44.88747,-93.20126,2022-06-04 06:12:36,45.04350160998322,-93.17545926594994,New Booking,-1,-1
4418,2022-06-04 00:00:00,2022-06-04 05:51:00,44.88747,-93.20126,2022-06-04 08:59:48,46.92753145126547,-92.12953274881004,New Booking,-1,-1
2719,2022-06-04 00:00:00,2022-06-04 06:15:36,44.88747,-93.20126,2022-06-04 07:41:18,44.212042416066055,-94.0011345078656,New Booking,-1,-1
6972,2022-06-04 00:00:00,2022-06-04 06:40:12,44.88747,-93.20126,2022-06-04 07:18:36,45.17867859787458,-93.16007419801107,New Booking,-1,-1
4942,2022-06-04 00:00:00,2022-06-04 07:15:36,44.88747,-93.20126,2022-06-04 07:54:18,44.60725366233505,-93.0632638120682,New Booking,-1,-1
6850,2022-06-04 00:00:00,2022-06-04 07:19:54,46.77315032382759,-92.14814954659248,2022-06-04 10:16:48,44.88747,-93.20126,New Booking,-1,-1
7643,2022-06-04 00:00:00,2022-06-04 07:53:42,46.89297183403869,-92.12372762770931,2022-06-04 11:00:00,44.88747,-93.20126,New Booking,-1,-1
7427,2022-06-04 00:00:00,2022-06-04 08:00:00,46.865986307181565,-92.15909781863051,2022-06-04 11:03:36,44.88747,-93.20126,New Booking,-1,-1
5778,2022-06-04 00:00:00,2022-06-04 08:04:18,44.25833191203864,-92.48765922831224,2022-06-04 09:24:00,44.88747,-93.20126,New Booking,-1,-1
5384,2022-06-04 00:00:00,2022-06-04 09:30:54,44.69215138820405,-91.35674364112256,2022-06-04 11:31:48,44.88747,-93.20126,New Booking,-1,-1
7205,2022-06-04 00:00:00,2022-06-04 09:45:42,44.71756858980476,-91.5500923634623,2022-06-04 11:35:24,44.88747,-93.20126,New Booking,-1,-1
4884,2022-06-04 00:00:00,2022-06-04 10:11:48,44.80980592656568,-93.667947907029,2022-06-04 10:54:00,44.88747,-93.20126,New Booking,-1,-1
5950,2022-06-04 00:00:00,2022-06-04 10:45:54,44.9081738836644,-93.459860927623,2022-06-04 11:15:36,44.88747,-93.20126,New Booking,-1,-1
6190,2022-06-04 00:00:00,2022-06-04 10:52:36,44.781548371025686,-93.2295988676472,2022-06-04 11:16:12,44.88747,-93.20126,New Booking,-1,-1
7487,2022-06-04 00:00:00,2022-06-04 11:03:30,44.71974463541165,-93.13937984646482,2022-06-04 11:32:24,44.88747,-93.20126,New Booking,-1,-1
4504,2022-06-04 00:00:00,2022-06-04 11:05:54,44.0127396637702,-92.52638985983636,2022-06-04 12:40:48,44.88747,-93.20126,New Booking,-1,-1
6490,2022-06-04 00:00:00,2022-06-04 11:15:36,44.88747,-93.20126,2022-06-04 13:34:12,46.33604460641983,-93.96911015655,New Booking,-1,-1
5227,2022-06-04 00:00:00,2022-06-04 11:19:54,44.70528707356056,-93.46447110423198,2022-06-04 11:55:48,44.88747,-93.20126,New Booking,-1,-1
6292,2022-06-04 00:00:00,2022-06-04 11:31:12,44.88747,-93.20126,2022-06-04 14:00:12,46.28354709565004,-94.52364261397852,New Booking,-1,-1
6139,2022-06-04 00:00:00,2022-06-04 11:47:06,44.94013988888122,-93.07839698600316,2022-06-04 12:10:12,44.88747,-93.20126,New Booking,-1,-1
7096,2022-06-04 00:00:00,2022-06-04 12:03:54,44.89071300225051,-93.015376985741,2022-06-04 12:29:24,44.88747,-93.20126,New Booking,-1,-1
7287,2022-06-04 00:00:00,2022-06-04 12:18:36,44.89899136109538,-93.454347251493,2022-06-04 12:48:00,44.88747,-93.20126,New Booking,-1,-1
7144,2022-06-04 00:00:00,2022-06-04 12:45:00,44.88747,-93.20126,2022-06-04 13:33:06,44.88304820319608,-93.78454806304411,New Booking,-1,-1
7675,2022-06-04 00:00:00,2022-06-04 12:48:00,44.8690084340592,-92.863044349869,2022-06-04 13:22:12,44.88747,-93.20126,New Booking,-1,-1
5474,2022-06-04 00:00:00,2022-06-04 12:50:24,44.88747,-93.20126,2022-06-04 13:16:12,45.02120503921088,-93.17090096577417,New Booking,-1,-1
1966,2022-06-04 00:00:00,2022-06-04 13:09:54,44.15953693446527,-92.56187695751312,2022-06-04 14:33:36,44.88747,-93.20126,New Booking,-1,-1
4469,2022-06-04 00:00:00,2022-06-04 13:58:30,44.60735896229445,-92.75325406401218,2022-06-04 14:47:24,44.88747,-93.20126,New Booking,-1,-1
6590,2022-06-04 00:00:00,2022-06-04 15:01:24,45.23202554915628,-92.831054401348,2022-06-04 15:51:00,44.88747,-93.20126,New Booking,-1,-1
7785,2022-06-04 00:00:00,2022-06-04 15:47:12,43.73801955488776,-91.1526128792032,2022-06-04 18:31:12,44.88747,-93.20126,New Booking,-1,-1
1339,2022-06-04 00:00:00,2022-06-04 16:08:06,44.77622409021333,-91.26757834829831,2022-06-04 18:13:12,44.88747,-93.20126,New Booking,-1,-1
7636,2022-06-04 00:00:00,2022-06-04 16:25:06,45.00821835885852,-93.4600415595232,2022-06-04 16:57:36,44.88747,-93.20126,New Booking,-1,-1
6214,2022-06-04 00:00:00,2022-06-04 16:29:06,44.806425368738736,-93.35967577976147,2022-06-04 16:55:12,44.88747,-93.20126,New Booking,-1,-1
7092,2022-06-04 00:00:00,2022-06-04 16:36:30,43.986990631290325,-92.38059147451732,2022-06-04 18:17:24,44.88747,-93.20126,New Booking,-1,-1
5857,2022-06-04 00:00:00,2022-06-04 16:38:00,44.01298192608648,-92.49338238360944,2022-06-04 18:13:48,44.88747,-93.20126,New Booking,-1,-1
6134,2022-06-04 00:00:00,2022-06-04 16:39:24,44.09065608010348,-92.50140426097694,2022-06-04 18:09:36,44.88747,-93.20126,New Booking,-1,-1
2715,2022-06-04 00:00:00,2022-06-04 16:42:36,44.88747,-93.20126,2022-06-04 19:26:42,46.6651017009398,-92.39757763776475,New Booking,-1,-1
7557,2022-06-04 00:00:00,2022-06-04 17:27:36,44.78172244148811,-93.40574114976572,2022-06-04 17:57:00,44.88747,-93.20126,New Booking,-1,-1
7347,2022-06-04 00:00:00,2022-06-04 17:34:30,44.08227053759527,-92.53876847893906,2022-06-04 19:04:12,44.88747,-93.20126,New Booking,-1,-1
5571,2022-06-04 00:00:00,2022-06-04 17:46:12,45.1779158686787,-93.25515493227245,2022-06-04 18:24:36,44.88747,-93.20126,New Booking,-1,-1
3416,2022-06-04 00:00:00,2022-06-04 17:47:54,45.13971035890139,-93.34473161976324,2022-06-04 18:24:36,44.88747,-93.20126,New Booking,-1,-1
6387,2022-06-04 00:00:00,2022-06-04 18:01:06,45.072466110328754,-93.32070668825573,2022-06-04 18:32:24,44.88747,-93.20126,New Booking,-1,-1
6267,2022-06-04 00:00:00,2022-06-04 19:06:36,44.88747,-93.20126,2022-06-04 19:35:06,44.98278689883808,-93.39761947859496,New Booking,-1,-1
3706,2022-06-04 00:00:00,2022-06-04 19:07:42,44.908345266283234,-93.54069042203164,2022-06-04 19:42:00,44.88747,-93.20126,New Booking,-1,-1
7188,2022-06-04 00:00:00,2022-06-04 20:18:30,45.10586721610299,-93.01119588665134,2022-06-04 20:54:00,44.88747,-93.20126,New Booking,-1,-1
6,2022-06-04 00:00:00,2022-06-04 20:19:12,44.88747,-93.20126,2022-06-04 20:46:18,44.833587557682776,-93.00237995315749,New Booking,-1,-1
5605,2022-06-04 00:00:00,2022-06-04 20:23:24,44.88747,-93.20126,2022-06-04 21:50:00,44.09721679091757,-92.61117117914236,New Booking,-1,-1
6889,2022-06-04 00:00:00,2022-06-04 20:39:36,44.88747,-93.20126,2022-06-04 21:23:54,45.24386870558455,-93.3197120466231,New Booking,-1,-1
7028,2022-06-04 00:00:00,2022-06-04 20:46:12,44.88747,-93.20126,2022-06-04 22:26:12,44.763145229244216,-91.71319051736955,New Booking,-1,-1
4364,2022-06-04 00:00:00,2022-06-04 20:48:36,44.88747,-93.20126,2022-06-04 22:35:30,43.96416349164964,-94.15706618962652,New Booking,-1,-1
4708,2022-06-04 00:00:00,2022-06-04 20:49:12,44.88747,-93.20126,2022-06-04 22:17:54,44.10921992646484,-92.50922112503406,New Booking,-1,-1
7533,2022-06-04 00:00:00,2022-06-04 21:26:24,44.88747,-93.20126,2022-06-05 00:26:42,46.81984149978176,-92.1521768870452,New Booking,-1,-1
5514,2022-06-04 00:00:00,2022-06-04 21:37:48,44.88747,-93.20126,2022-06-04 22:43:06,45.33777807178491,-93.82286112813766,New Booking,-1,-1
6548,2022-06-04 00:00:00,2022-06-04 23:07:12,44.88747,-93.20126,2022-06-04 23:46:42,44.828892422898114,-93.62446986120068,New Booking,-1,-1
6927,2022-06-05 00:00:00,2022-06-05 00:58:48,44.88747,-93.20126,2022-06-05 03:10:42,43.80937399450299,-91.82091648460374,New Booking,-1,-1
3630,2022-06-05 00:00:00,2022-06-05 01:57:36,44.88747,-93.20126,2022-06-05 02:26:48,44.828838289500965,-93.4380761367129,New Booking,-1,-1
4559,2022-06-05 00:00:00,2022-06-05 02:15:36,44.88747,-93.20126,2022-06-05 05:12:00,46.73233215944863,-92.02776680583654,New Booking,-1,-1
3945,2022-06-05 00:00:00,2022-06-05 02:37:12,44.88747,-93.20126,2022-06-05 03:58:48,44.2472309924879,-92.45456539968302,New Booking,-1,-1
7295,2022-06-05 00:00:00,2022-06-05 02:51:00,44.88747,-93.20126,2022-06-05 03:32:12,45.1812940058804,-93.40399582213658,New Booking,-1,-1
6953,2022-06-05 00:00:00,2022-06-05 02:57:00,44.88747,-93.20126,2022-06-05 03:37:18,45.2021624772814,-93.25279523000243,New Booking,-1,-1
1663,2022-06-05 00:00:00,2022-06-05 03:13:48,44.88747,-93.20126,2022-06-05 03:48:24,44.68606743391163,-93.399179071168,New Booking,-1,-1
5298,2022-06-05 00:00:00,2022-06-05 03:28:12,44.88747,-93.20126,2022-06-05 05:07:54,43.963517045324245,-92.47861064785864,New Booking,-1,-1
7661,2022-06-05 00:00:00,2022-06-05 04:14:24,44.88747,-93.20126,2022-06-05 04:47:18,44.6649892935941,-93.16277428758993,New Booking,-1,-1
3845,2022-06-05 00:00:00,2022-06-05 04:49:12,44.88747,-93.20126,2022-06-05 07:07:24,43.96823119076098,-91.4702265909982,New Booking,-1,-1
3437,2022-06-05 00:00:00,2022-06-05 05:31:48,44.88747,-93.20126,2022-06-05 06:06:00,45.051640696245904,-93.44756998037636,New Booking,-1,-1
2945,2022-06-05 00:00:00,2022-06-05 05:37:48,44.88747,-93.20126,2022-06-05 08:11:48,46.501476912370784,-94.12300891762708,New Booking,-1,-1
1029,2022-06-05 00:00:00,2022-06-05 05:42:00,44.88747,-93.20126,2022-06-05 06:20:54,44.5977577611922,-93.0951869182987,New Booking,-1,-1
7781,2022-06-05 00:00:00,2022-06-05 05:54:00,44.88747,-93.20126,2022-06-05 06:33:54,44.94427668823842,-92.7695872107315,New Booking,-1,-1
4555,2022-06-05 00:00:00,2022-06-05 06:00:00,44.88747,-93.20126,2022-06-05 08:02:24,45.20316458469562,-91.3544429160005,New Booking,-1,-1
1679,2022-06-05 00:00:00,2022-06-05 06:00:36,44.88747,-93.20126,2022-06-05 08:36:24,43.81994403246433,-91.2433282881164,New Booking,-1,-1
4750,2022-06-05 00:00:00,2022-06-05 07:00:00,44.88747,-93.20126,2022-06-05 08:22:06,44.31574455691984,-92.34027823513604,New Booking,-1,-1
7086,2022-06-05 00:00:00,2022-06-05 07:31:12,46.6365608786571,-94.17122635854876,2022-06-05 10:16:12,44.88747,-93.20126,New Booking,-1,-1
7493,2022-06-05 00:00:00,2022-06-05 08:14:12,46.2184385117782,-93.9939582212748,2022-06-05 10:24:36,44.88747,-93.20126,New Booking,-1,-1
6299,2022-06-05 00:00:00,2022-06-05 08:32:30,44.17561226122535,-93.8825527914736,2022-06-05 09:56:24,44.88747,-93.20126,New Booking,-1,-1
4481,2022-06-05 00:00:00,2022-06-05 08:42:54,44.79756599595775,-91.40183268310462,2022-06-05 10:40:12,44.88747,-93.20126,New Booking,-1,-1
7566,2022-06-05 00:00:00,2022-06-05 09:01:24,46.27860323792163,-94.15505914486214,2022-06-05 11:19:48,44.88747,-93.20126,New Booking,-1,-1
5421,2022-06-05 00:00:00,2022-06-05 09:25:12,44.61472510371135,-92.13941390767452,2022-06-05 10:44:24,44.88747,-93.20126,New Booking,-1,-1
1772,2022-06-05 00:00:00,2022-06-05 10:19:30,46.80889654063247,-92.19912322549902,2022-06-05 13:18:00,44.88747,-93.20126,New Booking,-1,-1
5191,2022-06-05 00:00:00,2022-06-05 10:35:00,45.06926918478754,-93.06104683485871,2022-06-05 11:06:36,44.88747,-93.20126,New Booking,-1,-1
2664,2022-06-05 00:00:00,2022-06-05 10:38:24,44.88747,-93.20126,2022-06-05 11:01:00,44.98186449381745,-93.19412725301542,New Booking,-1,-1
6491,2022-06-05 00:00:00,2022-06-05 10:42:42,44.94276849011764,-93.36083691255192,2022-06-05 11:07:48,44.88747,-93.20126,New Booking,-1,-1
3573,2022-06-05 00:00:00,2022-06-05 10:44:36,45.10055803651476,-93.39123326429916,2022-06-05 11:19:48,44.88747,-93.20126,New Booking,-1,-1
5582,2022-06-05 00:00:00,2022-06-05 11:19:12,44.958923909415866,-93.634193567614,2022-06-05 11:59:24,44.88747,-93.20126,New Booking,-1,-1
7387,2022-06-05 00:00:00,2022-06-05 11:30:06,45.30377863448252,-93.33045516198528,2022-06-05 12:19:12,44.88747,-93.20126,New Booking,-1,-1
7551,2022-06-05 00:00:00,2022-06-05 11:34:30,44.87224782694702,-92.8369817745698,2022-06-05 12:10:12,44.88747,-93.20126,New Booking,-1,-1
6389,2022-06-05 00:00:00,2022-06-05 11:56:30,44.9109036384751,-93.51485807525243,2022-06-05 12:29:24,44.88747,-93.20126,New Booking,-1,-1
6577,2022-06-05 00:00:00,2022-06-05 12:06:54,44.04421003649408,-92.33296551289958,2022-06-05 13:45:36,44.88747,-93.20126,New Booking,-1,-1
5796,2022-06-05 00:00:00,2022-06-05 12:28:30,44.8672356720913,-93.2747112918212,2022-06-05 12:48:00,44.88747,-93.20126,New Booking,-1,-1
146,2022-06-05 00:00:00,2022-06-05 12:41:36,45.22519856062081,-93.28465766840678,2022-06-05 13:24:00,44.88747,-93.20126,New Booking,-1,-1
6667,2022-06-05 00:00:00,2022-06-05 14:03:36,45.14685685924307,-93.25299147429442,2022-06-05 14:39:36,44.88747,-93.20126,New Booking,-1,-1
2962,2022-06-05 00:00:00,2022-06-05 14:53:06,46.45762387986942,-94.23469476064564,2022-06-05 17:26:24,44.88747,-93.20126,New Booking,-1,-1
7568,2022-06-05 00:00:00,2022-06-05 16:28:54,45.11985991750052,-93.31650020868209,2022-06-05 17:03:36,44.88747,-93.20126,New Booking,-1,-1
1882,2022-06-05 00:00:00,2022-06-05 17:03:00,44.65760924952996,-93.5189505848328,2022-06-05 17:43:48,44.88747,-93.20126,New Booking,-1,-1
7539,2022-06-05 00:00:00,2022-06-05 17:09:06,43.91110811315505,-92.51204594223464,2022-06-05 18:51:36,44.88747,-93.20126,New Booking,-1,-1
6125,2022-06-05 00:00:00,2022-06-05 17:24:24,45.43740317959162,-93.19850786822622,2022-06-05 18:23:24,44.88747,-93.20126,New Booking,-1,-1
7602,2022-06-05 00:00:00,2022-06-05 17:36:54,43.82674633793005,-92.28049117117816,2022-06-05 19:31:48,44.88747,-93.20126,New Booking,-1,-1
7248,2022-06-05 00:00:00,2022-06-05 17:43:48,44.87828550817631,-93.32837529009124,2022-06-05 18:06:00,44.88747,-93.20126,New Booking,-1,-1
7597,2022-06-05 00:00:00,2022-06-05 17:57:06,45.07163605018251,-93.6495190861,2022-06-05 18:41:24,44.88747,-93.20126,New Booking,-1,-1
4859,2022-06-05 00:00:00,2022-06-05 18:02:00,44.87897182265751,-93.46164318893226,2022-06-05 18:31:48,44.88747,-93.20126,New Booking,-1,-1
5273,2022-06-05 00:00:00,2022-06-05 18:02:54,44.11090774704561,-92.38934250893465,2022-06-05 19:35:24,44.88747,-93.20126,New Booking,-1,-1
1725,2022-06-05 00:00:00,2022-06-05 18:12:18,43.93826020031965,-92.44665986025994,2022-06-05 19:54:36,44.88747,-93.20126,New Booking,-1,-1
6624,2022-06-05 00:00:00,2022-06-05 18:42:54,45.1363029370808,-93.48358165545784,2022-06-05 19:23:24,44.88747,-93.20126,New Booking,-1,-1
7490,2022-06-05 00:00:00,2022-06-05 18:45:12,45.21023145967297,-93.50477077720072,2022-06-05 19:31:12,44.88747,-93.20126,New Booking,-1,-1
5343,2022-06-05 00:00:00,2022-06-05 18:57:18,45.14606262103052,-93.35851835608771,2022-06-05 19:34:48,44.88747,-93.20126,New Booking,-1,-1
7536,2022-06-05 00:00:00,2022-06-05 19:26:54,44.71927159498821,-92.70432040687211,2022-06-05 20:13:12,44.88747,-93.20126,New Booking,-1,-1
7676,2022-06-05 00:00:00,2022-06-05 19:57:00,44.88747,-93.20126,2022-06-05 20:31:12,44.8690084340592,-92.863044349869,New Booking,-1,-1
3812,2022-06-05 00:00:00,2022-06-05 20:02:24,44.88747,-93.20126,2022-06-05 20:38:54,44.92258848083724,-93.5767746049368,New Booking,-1,-1
5730,2022-06-05 00:00:00,2022-06-05 20:16:12,44.88747,-93.20126,2022-06-05 20:40:30,44.98416449852764,-93.11093722489886,New Booking,-1,-1
6957,2022-06-05 00:00:00,2022-06-05 20:21:36,44.88747,-93.20126,2022-06-05 20:54:36,44.98049530452848,-93.48987957685245,New Booking,-1,-1
2931,2022-06-05 00:00:00,2022-06-05 20:46:30,44.810465742701,-93.52834758376537,2022-06-05 21:21:00,44.88747,-93.20126,New Booking,-1,-1
568,2022-06-05 00:00:00,2022-06-05 20:48:00,44.88747,-93.20126,2022-06-05 21:05:42,44.89813473948036,-93.15691626704606,New Booking,-1,-1
2767,2022-06-05 00:00:00,2022-06-05 20:51:36,44.88747,-93.20126,2022-06-05 21:39:24,44.86869805425385,-92.62371082231832,New Booking,-1,-1
6483,2022-06-05 00:00:00,2022-06-05 20:54:36,44.88747,-93.20126,2022-06-05 23:43:48,46.68589259312365,-92.20588979881632,New Booking,-1,-1
4074,2022-06-05 00:00:00,2022-06-05 20:57:48,44.82234471830261,-93.19032117383648,2022-06-05 21:18:00,44.88747,-93.20126,New Booking,-1,-1
6100,2022-06-05 00:00:00,2022-06-05 21:04:12,44.88747,-93.20126,2022-06-05 21:37:00,44.84994425520471,-93.51016763896683,New Booking,-1,-1
4464,2022-06-05 00:00:00,2022-06-05 21:12:00,44.88747,-93.20126,2022-06-05 21:39:30,44.73828820402427,-93.26648989140956,New Booking,-1,-1
5410,2022-06-05 00:00:00,2022-06-05 21:30:36,44.88747,-93.20126,2022-06-05 22:07:18,44.96836412038556,-93.56723818337376,New Booking,-1,-1
6437,2022-06-05 00:00:00,2022-06-05 21:46:48,44.88747,-93.20126,2022-06-06 00:07:54,46.278072785896754,-94.26222270079954,New Booking,-1,-1
4657,2022-06-05 00:00:00,2022-06-05 21:47:24,44.88747,-93.20126,2022-06-05 22:21:12,45.04336027650717,-92.95282701865398,New Booking,-1,-1
6646,2022-06-05 00:00:00,2022-06-05 21:52:48,44.88747,-93.20126,2022-06-05 23:20:12,44.08616972703085,-92.61320423301213,New Booking,-1,-1
5852,2022-06-05 00:00:00,2022-06-05 22:05:24,44.88747,-93.20126,2022-06-05 22:32:42,44.97754094439097,-93.37646609609116,New Booking,-1,-1
6801,2022-06-05 00:00:00,2022-06-05 22:16:48,44.88747,-93.20126,2022-06-06 00:54:30,46.51318036961856,-94.2540600811906,New Booking,-1,-1
7301,2022-06-05 00:00:00,2022-06-05 22:25:48,44.88747,-93.20126,2022-06-06 01:04:12,46.46715425840002,-91.98774439263391,New Booking,-1,-1
6990,2022-06-05 00:00:00,2022-06-05 23:11:24,44.88747,-93.20126,2022-06-06 00:37:48,44.12404959166292,-92.5519170163394,New Booking,-1,-1
6308,2022-06-06 00:00:00,2022-06-06 00:25:48,44.88747,-93.20126,2022-06-06 03:00:00,43.83242168799431,-91.26655703093226,New Booking,-1,-1
7590,2022-06-06 00:00:00,2022-06-06 01:29:42,44.94855237844491,-92.66219708763154,2022-06-06 02:15:36,44.88747,-93.20126,New Booking,-1,-1
7299,2022-06-06 00:00:00,2022-06-06 02:20:24,44.88747,-93.20126,2022-06-06 02:59:48,44.84078907496769,-93.6267989881371,New Booking,-1,-1
7518,2022-06-06 00:00:00,2022-06-06 02:54:36,44.88747,-93.20126,2022-06-06 03:20:30,44.772357207254736,-93.30558677529156,New Booking,-1,-1
7774,2022-06-06 00:00:00,2022-06-06 03:06:36,44.88747,-93.20126,2022-06-06 04:29:42,44.09494626290234,-92.76546058649,New Booking,-1,-1
5849,2022-06-06 00:00:00,2022-06-06 03:12:36,44.88747,-93.20126,2022-06-06 04:03:30,45.231291388020495,-92.79276966436775,New Booking,-1,-1
7421,2022-06-06 00:00:00,2022-06-06 03:27:00,44.88747,-93.20126,2022-06-06 04:09:12,45.16140498949972,-93.48487245924215,New Booking,-1,-1
5265,2022-06-06 00:00:00,2022-06-06 03:54:36,44.88747,-93.20126,2022-06-06 04:38:24,44.81786968376127,-93.7002982874676,New Booking,-1,-1
7112,2022-06-06 00:00:00,2022-06-06 05:49:12,44.88747,-93.20126,2022-06-06 08:26:00,43.87888487323607,-91.16100631010372,New Booking,-1,-1
6211,2022-06-06 00:00:00,2022-06-06 05:54:36,44.88747,-93.20126,2022-06-06 08:45:06,46.71653806270797,-94.14590316793485,New Booking,-1,-1
4505,2022-06-06 00:00:00,2022-06-06 07:10:12,44.88747,-93.20126,2022-06-06 07:55:48,45.25670339483738,-93.34083798643783,New Booking,-1,-1
7724,2022-06-06 00:00:00,2022-06-06 07:34:48,43.64249897968261,-91.10489534800654,2022-06-06 10:25:48,44.88747,-93.20126,New Booking,-1,-1
7256,2022-06-06 00:00:00,2022-06-06 08:36:18,44.90619098358948,-91.33273230422576,2022-06-06 10:37:12,44.88747,-93.20126,New Booking,-1,-1
7091,2022-06-06 00:00:00,2022-06-06 08:46:42,44.744467264367145,-91.9894893019052,2022-06-06 10:11:24,44.88747,-93.20126,New Booking,-1,-1
5647,2022-06-06 00:00:00,2022-06-06 08:50:54,46.768754054838055,-92.18169765857148,2022-06-06 11:46:48,44.88747,-93.20126,New Booking,-1,-1
6945,2022-06-06 00:00:00,2022-06-06 09:24:18,44.94832627672583,-93.2265736592841,2022-06-06 09:44:24,44.88747,-93.20126,New Booking,-1,-1
7837,2022-06-06 00:00:00,2022-06-06 09:35:36,44.14721117983056,-92.548492624592,2022-06-06 11:00:36,44.88747,-93.20126,New Booking,-1,-1
5467,2022-06-06 00:00:00,2022-06-06 09:44:30,44.09343608217237,-92.46846339429376,2022-06-06 11:15:36,44.88747,-93.20126,New Booking,-1,-1
7223,2022-06-06 00:00:00,2022-06-06 10:04:06,44.09948366516595,-92.39481401783463,2022-06-06 11:37:12,44.88747,-93.20126,New Booking,-1,-1
7479,2022-06-06 00:00:00,2022-06-06 10:42:24,44.09104355652767,-92.7857345382558,2022-06-06 12:05:24,44.88747,-93.20126,New Booking,-1,-1
5786,2022-06-06 00:00:00,2022-06-06 10:57:42,44.998723377683376,-92.83177382580008,2022-06-06 11:35:24,44.88747,-93.20126,New Booking,-1,-1
6696,2022-06-06 00:00:00,2022-06-06 10:58:00,45.09135654646615,-93.51767436894784,2022-06-06 11:37:12,44.88747,-93.20126,New Booking,-1,-1
7331,2022-06-06 00:00:00,2022-06-06 10:58:36,44.77144784015989,-93.3578687994083,2022-06-06 11:26:24,44.88747,-93.20126,New Booking,-1,-1
7523,2022-06-06 00:00:00,2022-06-06 11:05:12,45.02936840144095,-93.59013305971658,2022-06-06 11:45:00,44.88747,-93.20126,New Booking,-1,-1
3819,2022-06-06 00:00:00,2022-06-06 11:11:24,44.88747,-93.20126,2022-06-06 12:43:24,44.12417941326419,-92.37987423254978,New Booking,-1,-1
2891,2022-06-06 00:00:00,2022-06-06 11:16:30,44.88967879247825,-93.5458291991406,2022-06-06 11:51:00,44.88747,-93.20126,New Booking,-1,-1
5539,2022-06-06 00:00:00,2022-06-06 11:28:48,44.88747,-93.20126,2022-06-06 13:00:06,44.06294741549491,-92.53001640132416,New Booking,-1,-1
6686,2022-06-06 00:00:00,2022-06-06 12:18:36,44.88747,-93.20126,2022-06-06 14:53:30,43.9252785173298,-91.1581012434268,New Booking,-1,-1
7358,2022-06-06 00:00:00,2022-06-06 14:02:42,44.72426723786901,-93.10592668679828,2022-06-06 14:31:48,44.88747,-93.20126,New Booking,-1,-1
6442,2022-06-06 00:00:00,2022-06-06 15:42:36,46.5908510745095,-94.3973722747372,2022-06-06 18:29:24,44.88747,-93.20126,New Booking,-1,-1
5291,2022-06-06 00:00:00,2022-06-06 15:46:24,46.695052519508096,-92.10496357446571,2022-06-06 18:38:24,44.88747,-93.20126,New Booking,-1,-1
5556,2022-06-06 00:00:00,2022-06-06 15:57:30,44.91206711801521,-91.31453917391082,2022-06-06 17:59:24,44.88747,-93.20126,New Booking,-1,-1
5256,2022-06-06 00:00:00,2022-06-06 16:02:12,46.704549959320126,-92.4038314485688,2022-06-06 18:49:12,44.88747,-93.20126,New Booking,-1,-1
5415,2022-06-06 00:00:00,2022-06-06 16:11:36,43.92411756772884,-91.2652212894039,2022-06-06 18:41:24,44.88747,-93.20126,New Booking,-1,-1
5400,2022-06-06 00:00:00,2022-06-06 17:06:00,46.76632184552843,-92.06062809315034,2022-06-06 20:04:12,44.88747,-93.20126,New Booking,-1,-1
7878,2022-06-06 00:00:00,2022-06-06 17:18:18,43.95177454101835,-92.47720942859954,2022-06-06 18:58:48,44.88747,-93.20126,New Booking,-1,-1
7508,2022-06-06 00:00:00,2022-06-06 17:35:12,45.0039479481819,-92.83038818055896,2022-06-06 18:13:12,44.88747,-93.20126,New Booking,-1,-1
6931,2022-06-06 00:00:00,2022-06-06 17:35:18,45.05382487933812,-93.18475287535917,2022-06-06 18:03:36,44.88747,-93.20126,New Booking,-1,-1
7004,2022-06-06 00:00:00,2022-06-06 18:00:54,44.73122123811427,-93.3738847656145,2022-06-06 18:31:48,44.88747,-93.20126,New Booking,-1,-1
6298,2022-06-06 00:00:00,2022-06-06 18:03:24,44.69811048451679,-93.28137458452647,2022-06-06 18:34:12,44.88747,-93.20126,New Booking,-1,-1
4663,2022-06-06 00:00:00,2022-06-06 18:27:24,44.852725506751,-93.6048245845254,2022-06-06 19:05:24,44.88747,-93.20126,New Booking,-1,-1
6047,2022-06-06 00:00:00,2022-06-06 18:44:12,45.612099437226895,-94.1180746226952,2022-06-06 20:16:48,44.88747,-93.20126,New Booking,-1,-1
6758,2022-06-06 00:00:00,2022-06-06 19:12:00,44.88747,-93.20126,2022-06-06 19:54:18,45.228526655901454,-93.19615836024194,New Booking,-1,-1
5861,2022-06-06 00:00:00,2022-06-06 19:54:42,44.92070400605794,-93.18048086551148,2022-06-06 20:12:36,44.88747,-93.20126,New Booking,-1,-1
3999,2022-06-06 00:00:00,2022-06-06 20:09:00,44.88747,-93.20126,2022-06-06 20:38:12,45.03804899670695,-93.33390583572502,New Booking,-1,-1
7267,2022-06-06 00:00:00,2022-06-06 20:16:48,44.88747,-93.20126,2022-06-06 22:28:00,43.69663996658209,-92.0398099299236,New Booking,-1,-1
3026,2022-06-06 00:00:00,2022-06-06 20:21:00,44.88747,-93.20126,2022-06-06 21:06:30,45.24828454835619,-93.37506739850868,New Booking,-1,-1
3553,2022-06-06 00:00:00,2022-06-06 20:33:00,44.88747,-93.20126,2022-06-06 21:05:00,44.9422388020786,-93.49086637109936,New Booking,-1,-1
7846,2022-06-06 00:00:00,2022-06-06 20:36:36,44.88747,-93.20126,2022-06-06 23:45:48,46.91087157043078,-92.045472737385,New Booking,-1,-1
7799,2022-06-06 00:00:00,2022-06-06 20:50:24,44.88747,-93.20126,2022-06-06 21:09:48,44.93455498443054,-93.24047877818558,New Booking,-1,-1
7638,2022-06-06 00:00:00,2022-06-06 20:52:48,44.88747,-93.20126,2022-06-06 21:20:24,44.96107558295561,-93.39824148000186,New Booking,-1,-1
7132,2022-06-06 00:00:00,2022-06-06 20:53:24,44.88747,-93.20126,2022-06-06 22:32:36,43.979921258648645,-92.45599433241212,New Booking,-1,-1
149,2022-06-06 00:00:00,2022-06-06 21:13:48,44.88747,-93.20126,2022-06-06 23:46:42,46.4961632830506,-94.0891100580879,New Booking,-1,-1
808,2022-06-06 00:00:00,2022-06-06 21:17:24,44.88747,-93.20126,2022-06-06 21:57:18,44.68830256184193,-93.53934537304416,New Booking,-1,-1
7110,2022-06-06 00:00:00,2022-06-06 21:42:00,44.88747,-93.20126,2022-06-06 22:15:18,44.66634687194846,-93.28619680028304,New Booking,-1,-1
4963,2022-06-06 00:00:00,2022-06-06 21:46:12,44.88747,-93.20126,2022-06-06 22:19:24,45.00457616919329,-93.47685893942553,New Booking,-1,-1
6040,2022-06-06 00:00:00,2022-06-06 22:44:24,44.88747,-93.20126,2022-06-07 01:23:06,43.72941345897734,-91.28153183932513,New Booking,-1,-1
6429,2022-06-06 00:00:00,2022-06-06 23:28:48,44.88747,-93.20126,2022-06-07 00:10:12,45.12804174773615,-92.88079197623338,New Booking,-1,-1
2661,2022-06-07 00:00:00,2022-06-07 03:06:00,44.88747,-93.20126,2022-06-07 05:55:00,46.603085191762815,-91.9489232379666,New Booking,-1,-1
5030,2022-06-07 00:00:00,2022-06-07 03:39:36,44.88747,-93.20126,2022-06-07 05:12:00,44.056176183501606,-92.50869482136814,New Booking,-1,-1
1442,2022-06-07 00:00:00,2022-06-07 05:09:36,44.88747,-93.20126,2022-06-07 05:52:36,44.89070502786959,-93.69442794787376,New Booking,-1,-1
5896,2022-06-07 00:00:00,2022-06-07 05:30:00,44.88747,-93.20126,2022-06-07 05:59:18,45.058932653174026,-93.13054634786612,New Booking,-1,-1
3319,2022-06-07 00:00:00,2022-06-07 05:39:00,44.88747,-93.20126,2022-06-07 06:18:12,45.18506117340333,-93.28275329209367,New Booking,-1,-1
7119,2022-06-07 00:00:00,2022-06-07 08:22:12,46.71609735455624,-91.95233414636148,2022-06-07 11:19:12,44.88747,-93.20126,New Booking,-1,-1
7766,2022-06-07 00:00:00,2022-06-07 08:46:24,46.63079764016268,-94.26514493196862,2022-06-07 11:33:00,44.88747,-93.20126,New Booking,-1,-1
3507,2022-06-07 00:00:00,2022-06-07 09:17:24,44.12863661672805,-92.39410027686058,2022-06-07 10:48:36,44.88747,-93.20126,New Booking,-1,-1
6658,2022-06-07 00:00:00,2022-06-07 09:33:54,46.80170735658201,-94.06156481339757,2022-06-07 12:29:24,44.88747,-93.20126,New Booking,-1,-1
7472,2022-06-07 00:00:00,2022-06-07 10:50:12,43.91235071418981,-92.5425381277243,2022-06-07 12:31:48,44.88747,-93.20126,New Booking,-1,-1
4704,2022-06-07 00:00:00,2022-06-07 10:51:24,44.844082801280415,-93.65499255666025,2022-06-07 11:32:24,44.88747,-93.20126,New Booking,-1,-1
5163,2022-06-07 00:00:00,2022-06-07 10:53:18,45.04640481436432,-93.2010971750432,2022-06-07 11:21:00,44.88747,-93.20126,New Booking,-1,-1
444,2022-06-07 00:00:00,2022-06-07 11:13:06,44.14851415290232,-92.46017610699388,2022-06-07 12:40:48,44.88747,-93.20126,New Booking,-1,-1
7190,2022-06-07 00:00:00,2022-06-07 11:14:30,43.79024141444799,-91.28885896793552,2022-06-07 13:49:48,44.88747,-93.20126,New Booking,-1,-1
6331,2022-06-07 00:00:00,2022-06-07 12:10:30,44.925777969962816,-93.5188792664016,2022-06-07 12:43:48,44.88747,-93.20126,New Booking,-1,-1
3779,2022-06-07 00:00:00,2022-06-07 12:28:24,44.966789807944735,-93.460272351151,2022-06-07 12:59:24,44.88747,-93.20126,New Booking,-1,-1
7187,2022-06-07 00:00:00,2022-06-07 13:45:54,45.162492486770105,-93.32844274920843,2022-06-07 14:24:00,44.88747,-93.20126,New Booking,-1,-1
7860,2022-06-07 00:00:00,2022-06-07 16:21:06,44.07746236910573,-92.15623742827673,2022-06-07 18:04:12,44.88747,-93.20126,New Booking,-1,-1
7884,2022-06-07 00:00:00,2022-06-07 17:50:30,44.90092731103203,-93.20215653349376,2022-06-07 18:06:36,44.88747,-93.20126,New Booking,-1,-1
7891,2022-06-07 00:00:00,2022-06-07 19:02:06,45.01657791765896,-93.39953917666456,2022-06-07 19:32:24,44.88747,-93.20126,New Booking,-1,-1
7184,2022-06-07 00:00:00,2022-06-07 19:35:24,44.88747,-93.20126,2022-06-07 22:12:42,43.74795700969763,-91.29233729602244,New Booking,-1,-1
4,2022-06-07 00:00:00,2022-06-07 20:19:12,44.88747,-93.20126,2022-06-07 21:23:00,45.41125434476718,-93.6456345414235,New Booking,-1,-1
5347,2022-06-07 00:00:00,2022-06-07 20:28:12,44.88747,-93.20126,2022-06-07 23:09:06,43.84529890189114,-91.1074676113361,New Booking,-1,-1
7035,2022-06-07 00:00:00,2022-06-07 20:37:18,45.00434956590549,-93.34775526980042,2022-06-07 21:04:48,44.88747,-93.20126,New Booking,-1,-1
2998,2022-06-07 00:00:00,2022-06-07 20:49:48,44.88747,-93.20126,2022-06-07 21:18:42,44.73239774167827,-93.31178716610778,New Booking,-1,-1
6300,2022-06-07 00:00:00,2022-06-07 21:15:00,44.88747,-93.20126,2022-06-07 22:38:54,44.17561226122535,-93.8825527914736,New Booking,-1,-1
2191,2022-06-08 00:00:00,2022-06-08 00:18:36,44.88747,-93.20126,2022-06-08 00:54:48,45.14308763170687,-93.10258288887592,New Booking,-1,-1
7689,2022-06-08 00:00:00,2022-06-08 00:39:48,44.97331340806736,-92.92301946242108,2022-06-08 01:12:00,44.88747,-93.20126,New Booking,-1,-1
3451,2022-06-08 00:00:00,2022-06-08 01:07:48,44.88747,-93.20126,2022-06-08 02:41:18,44.74453735397904,-91.83281546552018,New Booking,-1,-1
7379,2022-06-08 00:00:00,2022-06-08 01:47:24,44.88747,-93.20126,2022-06-08 03:47:30,44.80513907074175,-91.35198594654985,New Booking,-1,-1
5165,2022-06-08 00:00:00,2022-06-08 02:19:48,44.88747,-93.20126,2022-06-08 02:41:48,44.82778783503909,-93.11128729977573,New Booking,-1,-1
4686,2022-06-08 00:00:00,2022-06-08 05:31:48,44.88747,-93.20126,2022-06-08 06:07:30,44.69744794681606,-93.4492229326116,New Booking,-1,-1
4106,2022-06-08 00:00:00,2022-06-08 05:41:24,44.88747,-93.20126,2022-06-08 06:20:12,45.144817729910265,-93.4114445928768,New Booking,-1,-1
5065,2022-06-08 00:00:00,2022-06-08 05:51:36,44.88747,-93.20126,2022-06-08 08:06:24,46.297104263543645,-93.92496695593732,New Booking,-1,-1
419,2022-06-08 00:00:00,2022-06-08 05:57:36,44.88747,-93.20126,2022-06-08 07:28:48,45.45115162512689,-94.29105648805404,New Booking,-1,-1
7032,2022-06-08 00:00:00,2022-06-08 08:04:54,46.82693782949505,-92.0793698274228,2022-06-08 11:07:12,44.88747,-93.20126,New Booking,-1,-1
7129,2022-06-08 00:00:00,2022-06-08 09:18:24,44.23460719385223,-92.43632907982332,2022-06-08 10:41:24,44.88747,-93.20126,New Booking,-1,-1
4623,2022-06-08 00:00:00,2022-06-08 09:18:54,44.954301094632605,-93.72724451654436,2022-06-08 10:04:12,44.88747,-93.20126,New Booking,-1,-1
6519,2022-06-08 00:00:00,2022-06-08 10:33:36,43.95568297941257,-92.47867911929931,2022-06-08 12:13:48,44.88747,-93.20126,New Booking,-1,-1
1849,2022-06-08 00:00:00,2022-06-08 10:38:18,44.818543101384925,-93.24535017825684,2022-06-08 10:59:24,44.88747,-93.20126,New Booking,-1,-1
6722,2022-06-08 00:00:00,2022-06-08 10:56:42,43.94525191621077,-92.4527611545126,2022-06-08 12:38:24,44.88747,-93.20126,New Booking,-1,-1
4733,2022-06-08 00:00:00,2022-06-08 12:12:06,44.77693938969259,-93.30676059489645,2022-06-08 12:37:48,44.88747,-93.20126,New Booking,-1,-1
3432,2022-06-08 00:00:00,2022-06-08 14:24:48,44.993077957836704,-93.42874194781191,2022-06-08 14:55:12,44.88747,-93.20126,New Booking,-1,-1
4940,2022-06-08 00:00:00,2022-06-08 14:31:24,44.05453106928708,-91.19802247922698,2022-06-08 16:58:48,44.88747,-93.20126,New Booking,-1,-1
4581,2022-06-08 00:00:00,2022-06-08 15:35:30,43.86485620905617,-91.33816092750442,2022-06-08 18:04:48,44.88747,-93.20126,New Booking,-1,-1
5288,2022-06-08 00:00:00,2022-06-08 16:59:06,45.53021225132224,-94.39973951627206,2022-06-08 18:39:00,44.88747,-93.20126,New Booking,-1,-1
6469,2022-06-08 00:00:00,2022-06-08 17:33:42,44.49879392393692,-93.49451396068056,2022-06-08 18:24:00,44.88747,-93.20126,New Booking,-1,-1
7381,2022-06-08 00:00:00,2022-06-08 17:39:42,43.72630417472233,-91.2959757735049,2022-06-08 20:18:00,44.88747,-93.20126,New Booking,-1,-1
6358,2022-06-08 00:00:00,2022-06-08 19:00:42,44.80897327684849,-93.47472849108236,2022-06-08 19:32:24,44.88747,-93.20126,New Booking,-1,-1
7160,2022-06-08 00:00:00,2022-06-08 19:54:18,44.72092867794874,-91.29798610980036,2022-06-08 21:58:12,44.88747,-93.20126,New Booking,-1,-1
1816,2022-06-08 00:00:00,2022-06-08 20:14:24,44.88747,-93.20126,2022-06-08 20:54:54,45.09987076100996,-93.53633912558588,New Booking,-1,-1
6039,2022-06-08 00:00:00,2022-06-08 20:25:48,44.88747,-93.20126,2022-06-08 20:57:36,44.9623871637491,-93.47859203734608,New Booking,-1,-1
5612,2022-06-08 00:00:00,2022-06-08 20:36:36,44.88747,-93.20126,2022-06-08 23:34:36,46.80284519918357,-92.20139320780966,New Booking,-1,-1
2334,2022-06-08 00:00:00,2022-06-08 20:46:48,44.88747,-93.20126,2022-06-08 21:13:36,45.02965708698099,-93.14860547226556,New Booking,-1,-1
6334,2022-06-08 00:00:00,2022-06-08 20:46:54,45.379021324530505,-93.387147858728,2022-06-08 21:42:36,44.88747,-93.20126,New Booking,-1,-1
7087,2022-06-08 00:00:00,2022-06-08 20:51:00,44.88747,-93.20126,2022-06-08 23:36:00,46.6365608786571,-94.17122635854876,New Booking,-1,-1
7383,2022-06-08 00:00:00,2022-06-08 20:54:00,44.88747,-93.20126,2022-06-08 23:53:42,46.83878475488925,-92.2608835266098,New Booking,-1,-1
3301,2022-06-08 00:00:00,2022-06-08 21:00:00,44.88747,-93.20126,2022-06-08 21:46:06,45.26378620148078,-93.34109350637576,New Booking,-1,-1
4221,2022-06-08 00:00:00,2022-06-08 21:30:00,44.88747,-93.20126,2022-06-09 00:10:18,43.87349000351173,-91.09381860258053,New Booking,-1,-1
6394,2022-06-08 00:00:00,2022-06-08 21:37:48,44.88747,-93.20126,2022-06-08 22:13:00,45.13848391202912,-93.15895696315664,New Booking,-1,-1
4882,2022-06-08 00:00:00,2022-06-08 22:15:36,44.88747,-93.20126,2022-06-08 22:46:12,45.00054606680934,-92.97612846275108,New Booking,-1,-1
5795,2022-06-08 00:00:00,2022-06-08 22:46:54,44.99793235976018,-93.22190420478655,2022-06-08 23:10:48,44.88747,-93.20126,New Booking,-1,-1
5281,2022-06-09 00:00:00,2022-06-09 00:32:24,44.88747,-93.20126,2022-06-09 01:02:48,44.710380092359365,-93.09629491997498,New Booking,-1,-1
4678,2022-06-09 00:00:00,2022-06-09 00:37:12,44.88747,-93.20126,2022-06-09 02:08:06,44.14265698005497,-92.3768401694376,New Booking,-1,-1
3363,2022-06-09 00:00:00,2022-06-09 01:27:36,44.88747,-93.20126,2022-06-09 04:12:54,43.95545201035729,-90.91811548425385,New Booking,-1,-1
1142,2022-06-09 00:00:00,2022-06-09 01:52:12,44.88747,-93.20126,2022-06-09 02:11:30,44.9278427234214,-93.15220708434686,New Booking,-1,-1
6319,2022-06-09 00:00:00,2022-06-09 01:54:36,44.88747,-93.20126,2022-06-09 04:33:00,46.66347053374074,-93.54279185901387,New Booking,-1,-1
7957,2022-06-09 00:00:00,2022-06-09 02:08:24,44.88747,-93.20126,2022-06-09 03:55:42,43.8562338101976,-92.4774210239332,New Booking,-1,-1
6162,2022-06-09 00:00:00,2022-06-09 02:13:48,44.88747,-93.20126,2022-06-09 04:31:00,46.30179219261799,-94.02636770270225,New Booking,-1,-1
4696,2022-06-09 00:00:00,2022-06-09 02:14:24,44.88747,-93.20126,2022-06-09 04:53:48,43.82688310425687,-91.15859062723727,New Booking,-1,-1
6034,2022-06-09 00:00:00,2022-06-09 02:25:48,44.88747,-93.20126,2022-06-09 02:56:36,44.93857732917723,-92.931717313111,New Booking,-1,-1
208,2022-06-09 00:00:00,2022-06-09 02:45:36,44.88747,-93.20126,2022-06-09 03:18:48,44.93363185335501,-92.88681686594934,New Booking,-1,-1
2821,2022-06-09 00:00:00,2022-06-09 03:36:00,44.88747,-93.20126,2022-06-09 04:08:48,44.77835978853524,-93.47447983793776,New Booking,-1,-1
2259,2022-06-09 00:00:00,2022-06-09 03:48:00,44.88747,-93.20126,2022-06-09 04:32:24,45.12682426775506,-93.59501126022546,New Booking,-1,-1
5482,2022-06-09 00:00:00,2022-06-09 05:17:24,44.88747,-93.20126,2022-06-09 07:34:36,44.05947702528725,-91.40190713413504,New Booking,-1,-1
4261,2022-06-09 00:00:00,2022-06-09 05:22:12,44.88747,-93.20126,2022-06-09 07:12:42,43.82306161247328,-92.44498247469993,New Booking,-1,-1
7109,2022-06-09 00:00:00,2022-06-09 05:31:12,44.88747,-93.20126,2022-06-09 06:08:00,44.79962715143178,-93.56508859347508,New Booking,-1,-1
2341,2022-06-09 00:00:00,2022-06-09 05:37:12,44.88747,-93.20126,2022-06-09 06:06:30,44.83169636768247,-93.44169287487988,New Booking,-1,-1
7600,2022-06-09 00:00:00,2022-06-09 09:09:06,45.2761461606487,-93.19563160879424,2022-06-09 09:55:12,44.88747,-93.20126,New Booking,-1,-1
5607,2022-06-09 00:00:00,2022-06-09 09:12:00,46.60409425551895,-92.11906779906876,2022-06-09 11:57:00,44.88747,-93.20126,New Booking,-1,-1
7545,2022-06-09 00:00:00,2022-06-09 09:14:42,44.62781480562222,-93.60292350669734,2022-06-09 10:00:36,44.88747,-93.20126,New Booking,-1,-1
6709,2022-06-09 00:00:00,2022-06-09 09:39:12,44.03192989043765,-92.40879573648458,2022-06-09 11:16:12,44.88747,-93.20126,New Booking,-1,-1
7203,2022-06-09 00:00:00,2022-06-09 09:48:00,44.80785755288744,-92.88122937783147,2022-06-09 10:22:12,44.88747,-93.20126,New Booking,-1,-1
5955,2022-06-09 00:00:00,2022-06-09 09:59:48,46.92631310383919,-94.29940801446934,2022-06-09 13:09:00,44.88747,-93.20126,New Booking,-1,-1
5249,2022-06-09 00:00:00,2022-06-09 10:37:30,44.90358429043651,-93.34200323325712,2022-06-09 11:00:36,44.88747,-93.20126,New Booking,-1,-1
4584,2022-06-09 00:00:00,2022-06-09 10:46:24,44.74740631988755,-93.38759509813494,2022-06-09 11:16:48,44.88747,-93.20126,New Booking,-1,-1
5610,2022-06-09 00:00:00,2022-06-09 10:49:18,46.91247311432743,-92.12644575167376,2022-06-09 13:57:00,44.88747,-93.20126,New Booking,-1,-1
5087,2022-06-09 00:00:00,2022-06-09 10:59:30,44.99955049779111,-93.48608089466896,2022-06-09 11:33:00,44.88747,-93.20126,New Booking,-1,-1
7046,2022-06-09 00:00:00,2022-06-09 11:17:24,44.71730992424548,-92.76609411083408,2022-06-09 12:00:36,44.88747,-93.20126,New Booking,-1,-1
7976,2022-06-09 00:00:00,2022-06-09 11:28:30,44.85249885314191,-93.10218139521308,2022-06-09 11:49:48,44.88747,-93.20126,New Booking,-1,-1
6901,2022-06-09 00:00:00,2022-06-09 11:34:12,44.88747,-93.20126,2022-06-09 12:05:36,44.685209226216585,-93.15051518878523,New Booking,-1,-1
6616,2022-06-09 00:00:00,2022-06-09 11:46:12,44.84138080953137,-92.86813024565627,2022-06-09 12:20:24,44.88747,-93.20126,New Booking,-1,-1
4838,2022-06-09 00:00:00,2022-06-09 11:46:12,44.88747,-93.20126,2022-06-09 12:10:36,44.80854477749646,-93.32431577148311,New Booking,-1,-1
8032,2022-06-09 00:00:00,2022-06-09 11:56:54,44.86441902198239,-93.21205688286388,2022-06-09 12:13:48,44.88747,-93.20126,New Booking,-1,-1
4152,2022-06-09 00:00:00,2022-06-09 12:20:24,44.00033952137502,-92.35558655248784,2022-06-09 14:01:12,44.88747,-93.20126,New Booking,-1,-1
4761,2022-06-09 00:00:00,2022-06-09 12:46:30,45.063802487624194,-93.22031807349892,2022-06-09 13:15:36,44.88747,-93.20126,New Booking,-1,-1
4018,2022-06-09 00:00:00,2022-06-09 13:13:00,46.533608791091936,-94.14074085650822,2022-06-09 15:49:48,44.88747,-93.20126,New Booking,-1,-1
5392,2022-06-09 00:00:00,2022-06-09 15:31:42,44.80003840293958,-93.08170397062874,2022-06-09 15:56:24,44.88747,-93.20126,New Booking,-1,-1
6153,2022-06-09 00:00:00,2022-06-09 15:34:00,45.04748626060658,-93.32708106868098,2022-06-09 16:03:36,44.88747,-93.20126,New Booking,-1,-1
7153,2022-06-09 00:00:00,2022-06-09 16:24:06,46.46982120146239,-92.77028380540357,2022-06-09 18:48:00,44.88747,-93.20126,New Booking,-1,-1
5153,2022-06-09 00:00:00,2022-06-09 17:14:12,45.01795304072673,-93.4519905035565,2022-06-09 17:46:48,44.88747,-93.20126,New Booking,-1,-1
7789,2022-06-09 00:00:00,2022-06-09 17:24:18,44.86955625602565,-91.4399007015582,2022-06-09 19:19:12,44.88747,-93.20126,New Booking,-1,-1
7470,2022-06-09 00:00:00,2022-06-09 17:38:54,45.140260888273374,-93.45301641426836,2022-06-09 18:18:36,44.88747,-93.20126,New Booking,-1,-1
7744,2022-06-09 00:00:00,2022-06-09 18:09:00,44.61939609137482,-93.2452363419746,2022-06-09 18:45:36,44.88747,-93.20126,New Booking,-1,-1
5396,2022-06-09 00:00:00,2022-06-09 18:10:36,44.918796528129405,-93.3237396139248,2022-06-09 18:33:00,44.88747,-93.20126,New Booking,-1,-1
6346,2022-06-09 00:00:00,2022-06-09 18:41:54,45.09832878280149,-93.21570624380772,2022-06-09 19:13:48,44.88747,-93.20126,New Booking,-1,-1
7779,2022-06-09 00:00:00,2022-06-09 18:59:00,44.86050609541879,-93.19306657607908,2022-06-09 19:16:12,44.88747,-93.20126,New Booking,-1,-1
5515,2022-06-09 00:00:00,2022-06-09 19:31:54,45.33777807178491,-93.82286112813766,2022-06-09 20:37:12,44.88747,-93.20126,New Booking,-1,-1
7255,2022-06-09 00:00:00,2022-06-09 19:54:54,45.01455598697768,-93.4430959223066,2022-06-09 20:27:00,44.88747,-93.20126,New Booking,-1,-1
6477,2022-06-09 00:00:00,2022-06-09 21:06:00,44.88747,-93.20126,2022-06-09 23:39:36,43.83432309000803,-91.277341625732,New Booking,-1,-1
6935,2022-06-09 00:00:00,2022-06-09 21:28:12,44.88747,-93.20126,2022-06-09 22:51:42,44.20598594806885,-93.92749545260315,New Booking,-1,-1
2159,2022-06-09 00:00:00,2022-06-09 21:41:24,44.88747,-93.20126,2022-06-10 00:29:30,46.69532047970182,-92.30189523847778,New Booking,-1,-1
3659,2022-06-09 00:00:00,2022-06-09 21:47:24,44.88747,-93.20126,2022-06-09 22:21:00,45.02980757568564,-93.46076359302911,New Booking,-1,-1
1863,2022-06-09 00:00:00,2022-06-09 23:13:48,44.88747,-93.20126,2022-06-10 01:23:48,43.7318570978424,-92.00710829915856,New Booking,-1,-1
2917,2022-06-09 00:00:00,2022-06-09 23:15:36,44.88747,-93.20126,2022-06-09 23:54:06,44.66543665263212,-93.4723724766348,New Booking,-1,-1
2069,2022-06-09 00:00:00,2022-06-09 23:31:48,44.88747,-93.20126,2022-06-10 00:02:06,44.71054271654911,-93.0998441615898,New Booking,-1,-1
7175,2022-06-09 00:00:00,2022-06-09 23:49:48,44.88747,-93.20126,2022-06-10 01:25:00,43.98837449610454,-92.5785335588162,New Booking,-1,-1
